Age (ka),Insolation (W/m^2)
0,478.5040423
1,480.2554642
2,483.367698
3,487.842079
4,493.529423
5,500.1373377
6,507.1768776
7,514.0114349
8,519.9453134
9,524.3640431
10,526.7501183
11,526.9002818
12,524.8215296
13,520.8083645
14,515.2749019
15,508.6813559
16,501.5062193
17,494.1464233
18,487.022651
19,480.4392685
20,474.6911721
21,470.06057
22,466.7380586
23,464.8800916
24,464.5622687
25,465.7182089
26,468.2039066
27,471.7104494
28,475.8718329
29,480.2427748
30,484.4086253
31,488.065184
32,490.9783199
33,493.098947
34,494.4590687
35,495.1969324
36,495.4790664
37,495.4612661
38,495.3002623
39,495.0975963
40,494.923889
41,494.8309751
42,494.8675221
43,495.0246765
44,495.3326522
45,495.81391
46,496.469633
47,497.3300408
48,498.4340661
49,499.8093641
50,501.4427225
51,503.3205222
52,505.4183824
53,507.5987393
54,509.7131517
55,511.5370338
56,512.8372238
57,513.311182
58,512.760196
59,511.0011411
60,508.0108644
61,503.8309287
62,498.6560763
63,492.7324045
64,486.3839027
65,479.918527
66,473.6702638
67,467.8959777
68,462.9064301
69,458.9289047
70,456.2200424
71,455.0022534
72,455.4932135
73,457.8744868
74,462.2001625
75,468.4302923
76,476.3349184
77,485.4831611
78,495.1747594
79,504.6006754
80,512.8569693
81,519.1717065
82,522.9982736
83,524.2075815
84,522.9708934
85,519.707609
86,514.983268
87,509.3200756
88,503.1849993
89,496.9236043
90,490.8389036
91,485.1900521
92,480.2500914
93,476.3347785
94,473.7648938
95,472.9557175
96,474.2213198
97,477.8679656
98,483.8954998
99,492.087109
100,501.6949306
101,511.6030952
102,520.3164575
103,526.2890267
104,528.3614931
105,526.1327716
106,519.9662465
107,510.8678663
108,500.0361728
109,488.5893866
110,477.4101743
111,467.0621241
112,457.9392773
113,450.3533214
114,444.6255045
115,441.1150425
116,440.2056875
117,442.3328139
118,447.8329199
119,456.8366533
120,469.1209439
121,483.9804826
122,500.1721348
123,515.9321454
124,529.42524
125,539.071448
126,544.0434001
127,544.4044886
128,540.8946661
129,534.5938212
130,526.5690141
131,517.7078925
132,508.5974011
133,499.6437754
134,491.1749304
135,483.3918575
136,476.5426396
137,470.9283647
138,466.7850924
139,464.4057101
140,463.9444901
141,465.4989077
142,468.9729543
143,474.0653541
144,480.2982206
145,486.995598
146,493.412215
147,498.8561037
148,502.7686647
149,504.8760219
150,505.1544927
151,503.8089991
152,501.2135195
153,497.7582168
154,493.8533727
155,489.7807113
156,485.8069293
157,482.1130748
158,478.8330579
159,476.0761311
160,473.9574451
161,472.5669799
162,472.0923556
163,472.6403831
164,474.4353874
165,477.6046111
166,482.284355
167,488.4818315
168,496.0707557
169,504.7081642
170,513.78718
171,522.5193184
172,529.9040949
173,535.0456904
174,537.2130397
175,536.0814877
176,531.7788143
177,524.8547701
178,516.0089053
179,505.9899473
180,495.4714745
181,485.002513
182,474.9624624
183,465.703888
184,457.5123603
185,450.7539776
186,445.8236572
187,443.1792265
188,443.2436155
189,446.4075142
190,452.9070764
191,462.6318401
192,475.0051039
193,488.8881392
194,502.6395251
195,514.36805
196,522.4513868
197,526.0009152
198,525.1294716
199,520.689418
200,513.9208622
201,506.0027649
202,497.8409533
203,490.0069085
204,482.8201646
205,476.4773498
206,471.1293382
207,467.0022509
208,464.3917715
209,463.7090412
210,465.4055542
211,469.8912998
212,477.46674
213,488.0871919
214,501.2603794
215,515.8785039
216,530.2030927
217,542.1611922
218,549.7633695
219,551.7743137
220,548.0268097
221,539.433056
222,527.4379065
223,513.6205499
224,499.2324619
225,485.1990955
226,472.0637423
227,460.207586
228,449.9520578
229,441.6177049
230,435.6208167
231,432.4300005
232,432.4967574
233,436.230891
234,443.7499531
235,454.8178297
236,468.7004045
237,484.0547344
238,499.1322761
239,512.0831132
240,521.4872588
241,526.7262004
242,527.9882322
243,526.0875487
244,522.0265722
245,516.7284708
246,510.9611386
247,505.1879862
248,499.7278605
249,494.7842857
250,490.5211925
251,487.1041434
252,484.6588623
253,483.3197644
254,483.152586
255,484.2059892
256,486.3554317
257,489.4064921
258,493.08256
259,496.9680168
260,500.6894598
261,503.8548728
262,506.1804782
263,507.4718859
264,507.6478754
265,506.7162968
266,504.8215595
267,502.0785433
268,498.6743406
269,494.7944554
270,490.6040783
271,486.2312621
272,481.8513591
273,477.5765042
274,473.5618959
275,469.9680915
276,466.9204355
277,464.5995742
278,463.2054034
279,462.9398442
280,463.9967116
281,466.573197
282,470.8467616
283,476.857191
284,484.4706556
285,493.3989083
286,503.04244
287,512.593778
288,521.0627422
289,527.557776
290,531.3467825
291,532.0924284
292,529.9447078
293,525.3388254
294,518.908995
295,511.3170049
296,503.1603007
297,494.8798091
298,486.8957687
299,479.4710352
300,472.9811037
301,467.7404759
302,464.1573444
303,462.5871374
304,463.3902804
305,466.7474738
306,472.6018447
307,480.5725736
308,489.787095
309,499.097247
310,507.0801948
311,512.4644047
312,514.4703838
313,512.9946186
314,508.5658316
315,502.0930075
316,494.561284
317,486.8294785
318,479.5026417
319,473.022699
320,467.6837068
321,463.7643759
322,461.4784961
323,461.0761527
324,462.8269743
325,466.8747506
326,473.3130273
327,481.987713
328,492.4415541
329,503.9127723
330,515.322148
331,525.4423426
332,533.1232331
333,537.5313489
334,538.3881589
335,535.863283
336,530.5691402
337,523.2705507
338,514.7159756
339,505.5970185
340,496.4403752
341,487.7307733
342,479.7915099
343,473.0005333
344,467.6427812
345,464.039341
346,462.3694678
347,462.7124897
348,464.9919114
349,468.8975761
350,473.899831
351,479.3307899
352,484.4006935
353,488.5012569
354,491.2284557
355,492.4511584
356,492.3753514
357,491.3228638
358,489.7649869
359,488.0922595
360,486.7161755
361,485.8802471
362,485.8312212
363,486.6826235
364,488.4835692
365,491.2153173
366,494.713845
367,498.750423
368,502.9243123
369,506.8685731
370,510.1590155
371,512.4477254
372,513.5197148
373,513.3121725
374,511.9250132
375,509.5605605
376,506.512688
377,503.107873
378,499.7077758
379,496.6097552
380,494.0825286
381,492.3228676
382,491.4510798
383,491.450809
384,492.1635917
385,493.2957318
386,494.4758253
387,495.2411348
388,495.1987684
389,494.0759636
390,491.7723469
391,488.4224364
392,484.2896917
393,479.7613418
394,475.2233342
395,471.0803519
396,467.6899894
397,465.3944912
398,464.4593743
399,465.1064551
400,467.4442158
401,471.4539179
402,476.9886571
403,483.6496151
404,490.9050992
405,498.0739459
406,504.4798933
407,509.5228914
408,512.8396137
409,514.3702813
410,514.2446757
411,512.7693779
412,510.345412
413,507.3775776
414,504.2252967
415,501.1954613
416,498.5557705
417,496.5339158
418,495.2849362
419,494.9020615
420,495.3789024
421,496.6185797
422,498.3800296
423,500.2933869
424,501.9813605
425,502.9683961
426,502.9404854
427,501.6740352
428,499.1792619
429,495.6264521
430,491.3233884
431,486.6255412
432,481.9637785
433,477.7414819
434,474.274279
435,471.8457787
436,470.689211
437,470.8919207
438,472.4765694
439,475.3114771
440,479.1128995
441,483.5148584
442,488.0505384
443,492.2359685
444,495.6728729
445,498.0850582
446,499.3449057
447,499.5343211
448,498.8068644
449,497.4190231
450,495.6552165
451,493.7955479
452,492.1401298
453,490.9279249
454,490.4377568
455,490.8369172
456,492.3042341
457,494.862708
458,498.4182403
459,502.7263881
460,507.2952646
461,511.5360306
462,514.7182077
463,516.2612993
464,515.731693
465,513.0115724
466,508.2952067
467,501.9932188
468,494.6873845
469,486.9522548
470,479.2830202
471,472.168038
472,465.9915587
473,461.1333446
474,457.9854888
475,456.8738413
476,458.1366622
477,461.9800284
478,468.4279793
479,477.1750803
480,487.6009159
481,498.6199592
482,508.90491
483,517.132014
484,522.2888019
485,523.9363794
486,522.252044
487,517.8957858
488,511.768347
489,504.6796334
490,497.306155
491,490.1357601
492,483.5454087
493,477.857309
494,473.4017974
495,470.5319028
496,469.5797515
497,470.8788109
498,474.6315722
499,480.7798938
500,488.9315541
501,498.3324037
502,507.8075177
503,516.0314052
504,521.7366694
505,524.0825707
506,522.8659974
507,518.4676548
508,511.696448
509,503.4824665
510,494.6897247
511,485.9718634
512,477.8823353
513,470.801218
514,465.0271546
515,460.8419433
516,458.4357023
517,457.971017
518,459.4987898
519,462.9047196
520,467.9487373
521,474.2000146
522,481.1063139
523,488.0422146
524,494.4654803
525,499.9736625
526,504.3119368
527,507.4674092
528,509.5581655
529,510.7697392
530,511.3312188
531,511.4580831
532,511.2955
533,510.9170005
534,510.3593582
535,509.5692614
536,508.4820808
537,507.0133046
538,505.0807861
539,502.6629239
540,499.760343
541,496.4469549
542,492.8652783
543,489.1779308
544,485.6498119
545,482.5468404
546,480.1413772
547,478.746209
548,478.5780013
549,479.7956362
550,482.4065088
551,486.234049
552,490.8602021
553,495.6540815
554,499.8268959
555,502.6181332
556,503.4451368
557,502.0955571
558,498.672202
559,493.6601263
560,487.624624
561,481.1513876
562,474.7488072
563,468.8502681
564,463.783499
565,459.8313469
566,457.3400542
567,456.6595201
568,458.1739073
569,462.2539133
570,469.143096
571,478.8695213
572,491.0917258
573,504.9674481
574,519.1247577
575,531.8744968
576,541.4369399
577,546.5587259
578,546.7975802
579,542.5470947
580,534.8864261
581,525.017151
582,514.0428564
583,502.8145238
584,491.8506
585,481.535391
586,472.1467205
587,463.9753569
588,457.4508277
589,453.0229658
590,451.2238567
591,452.5578464
592,457.3777886
593,465.7212641
594,477.1283085
595,490.5113687
596,504.0934503
597,515.7451748
598,523.5332892
599,526.3035603
600,524.0671235
601,517.8319163
602,509.0051262
603,499.018286
604,488.9325639
605,479.4555244
606,470.9948046
607,463.8083912
608,458.1471659
609,454.2691353
610,452.5395042
611,453.286034
612,456.8351111
613,463.3262665
614,472.6374764
615,484.2420412
616,497.1707718
617,510.0771365
618,521.4000554
619,529.7773347
620,534.3996011
621,535.078695
622,532.3279261
623,526.949945
624,519.9104458
625,512.045452
626,503.9883281
627,496.2126336
628,489.1054045
629,482.8772737
630,477.7916789
631,473.9646835
632,471.5286932
633,470.4851732
634,470.7932039
635,472.2450469
636,474.6148958
637,477.5577561
638,480.7738855
639,483.9480145
640,486.9074351
641,489.5471685
642,491.8524458
643,493.8961358
644,495.7611339
645,497.495371
646,499.1702007
647,500.7148233
648,502.0314587
649,502.9906243
650,503.4254688
651,503.1667193
652,502.1117067
653,500.2674248
654,497.6509792
655,494.4424237
656,490.8076749
657,487.0198602
658,483.3301283
659,480.0481068
660,477.4967947
661,476.0305628
662,475.9964021
663,477.643622
664,481.2068659
665,486.6448276
666,493.7121016
667,501.7711107
668,509.8539109
669,516.7716557
670,521.3716234
671,522.8106738
672,520.852607
673,515.7971143
674,508.3965736
675,499.5355671
676,490.0897333
677,480.7097122
678,471.8946517
679,464.064703
680,457.5487851
681,452.7351529
682,450.0399754
683,449.9095372
684,452.7511408
685,458.8072018
686,468.039657
687,479.9904848
688,493.6244087
689,507.4013441
690,519.4805253
691,528.2540466
692,532.6798012
693,532.7096456
694,529.0012472
695,522.6470921
696,514.7939972
697,506.3554086
698,497.9983257
699,490.1356555
700,483.0852946
701,477.0976271
702,472.4697173
703,469.5025392
704,468.548372
705,469.8876379
706,473.6541996
707,479.7419026
708,487.7241111
709,496.7770035
710,505.7485574
711,513.3304579
712,518.3834208
713,520.1637096
714,518.5604873
715,514.0093458
716,507.3069704
717,499.3645287
718,490.9809194
719,482.8320834
720,475.4278749
721,469.1269924
722,464.2778748
723,461.1383048
724,459.9054948
725,460.753102
726,463.6444414
727,468.4616633
728,474.7887925
729,482.0677695
730,489.5219602
731,496.3914205
732,501.9802261
733,505.8798507
734,507.9470952
735,508.3344934
736,507.3656614
737,505.4892708
738,503.1424139
739,500.7149852
740,498.5489226
741,496.9279465
742,496.0413888
743,495.989637
744,496.7973067
745,498.3661747
746,500.4306992
747,502.6541743
748,504.5942333
749,505.8246558
750,506.0328012
751,505.0077259
752,502.7550011
753,499.420479
754,495.3486287
755,490.8733976
756,486.4205307
757,482.3768789
758,479.1178434
759,476.9418299
760,476.0945802
761,476.7395306
762,478.8626771
763,482.2932979
764,486.6026624
765,491.2262999
766,495.4335516
767,498.558816
768,500.0951806
769,499.8275008
770,497.8385371
771,494.4945689
772,490.2523869
773,485.6616215
774,481.1595849
775,477.2097733
776,474.1507719
777,472.3359034
778,472.0647068
779,473.5412194
780,476.912258
781,482.1055897
782,488.865046
783,496.6356836
784,504.5909938
785,511.8293591
786,517.439434
787,520.7394837
788,521.4768073
789,519.7458695
790,515.9767046
791,510.7644442
792,504.7389072
793,498.4325613
794,492.3635143
795,486.9070536
796,482.4372815
797,479.2412374
798,477.5369848
799,477.4838608
800,479.027007
801,481.9592695
802,485.8669031
803,490.1175645
804,494.0091753
805,496.894601
806,498.3080558
807,498.0798526
808,496.3465582
809,493.4615411
810,489.8833771
811,486.1405927
812,482.6774368
813,479.8800425
814,478.1100389
815,477.6258929
816,478.5867404
817,481.0622643
818,484.9794051
819,490.0511565
820,495.7990474
821,501.5715933
822,506.6727475
823,510.4122269
824,512.2922222
825,512.1413333
826,510.0317345
827,506.2942628
828,501.4224618
829,495.8996612
830,490.2115172
831,484.8037694
832,480.0867439
833,476.461545
834,474.2826458
835,473.8631619
836,475.4201492
837,479.0548042
838,484.5326058
839,491.4043313
840,498.8325335
841,505.7643194
842,511.1020262
843,513.9716851
844,513.9342878
845,511.0580427
846,505.9137594
847,499.1930679
848,491.6879838
849,484.026749
850,476.7480163
851,470.2348913
852,464.8785991
853,461.0168239
854,459.0768235
855,459.4457933
856,462.4704763
857,468.3743071
858,477.0793822
859,488.1486934
860,500.5982637
861,512.9929267
862,523.6897709
863,531.1373479
864,534.4321065
865,533.4803689
866,528.9076588
867,521.7363605
868,513.0550073
869,503.8005402
870,494.6067596
871,485.9223142
872,478.0894055
873,471.4342638
874,466.2611572
875,462.964764
876,461.9324436
877,463.4599049
878,467.6984044
879,474.4594254
880,483.2162809
881,492.9699773
882,502.3531473
883,509.9758162
884,514.6796012
885,515.8830705
886,513.7191351
887,508.8417727
888,502.2092858
889,494.7539916
890,487.2687071
891,480.3318647
892,474.3659353
893,469.6796978
894,466.4874212
895,464.9717794
896,465.2287267
897,467.228682
898,470.835938
899,475.7739495
900,481.6341081
901,487.9065758
902,494.0562605
903,499.6169389
904,504.2605358
905,507.8560645
906,510.4053682
907,512.0312161
908,512.9858745
909,513.4437823
910,513.6252342
911,513.6437541
912,513.5368125
913,513.2596551
914,512.6438248
915,511.5275698
916,509.6937849
917,506.9628254
918,503.2655133
919,498.6129733
920,493.1803639
921,487.2068956
922,480.9838097
923,474.9190463
924,469.3793313
925,464.7879824
926,461.5611643
927,460.1322995
928,460.9087377
929,464.1728796
930,470.0607949
931,478.3045469
932,488.2949774
933,498.873501
934,508.5943768
935,515.882115
936,519.625349
937,519.3870083
938,515.5429073
939,508.9714721
940,500.7676978
941,491.8990282
942,483.0649155
943,474.7199432
944,467.1935093
945,460.7759589
946,455.8513181
947,452.8830739
948,452.4542252
949,455.1917464
950,461.6497353
951,472.1323574
952,486.4491959
953,503.6582466
954,521.8506887
955,538.4351961
956,550.5870304
957,556.2921715
958,555.0101138
959,547.7408231
960,536.3872548
961,522.8809815
962,508.7818397
963,495.0216629
964,482.0728575
965,470.1814618
966,459.5325999
967,450.4032674
968,443.2277477
969,438.5994254
970,437.1968785
971,439.6701263
972,446.5399397
973,457.8655418
974,473.0317925
975,490.5419172
976,507.9627947
977,522.4698454
978,531.5890799
979,534.2756455
980,531.0363647
981,523.4834123
982,513.6005254
983,502.9510302
984,492.5984155
985,483.1338209
986,474.8321448
987,467.8317148
988,462.3093675
989,458.5210472
990,456.7804966
991,457.455291
992,460.8360399
993,467.0904953
994,476.0286977
995,487.1300874
996,499.3985907
997,511.4348482
998,521.7664424
999,529.0861418
1000,532.6141009
1001,532.3012068
1002,528.6449914
1003,522.5283602
1004,514.8916976
1005,506.5804529
1006,498.2681943
1007,490.4172904
1008,483.3897287
1009,477.4217825
1010,472.6488018
1011,469.1733083
1012,467.0019516
1013,466.1013674
1014,466.3430277
1015,467.5732233
1016,469.5863352
1017,472.2034446
1018,475.2441737
1019,478.620299
1020,482.2925912
1021,486.2557596
1022,490.5710785
1023,495.2253459
1024,500.2064956
1025,505.3533884
1026,510.4191404
1027,515.057491
1028,518.8094006
1029,521.1900213
1030,521.8594326
1031,520.5887494
1032,517.3812147
1033,512.4687851
1034,506.2008956
1035,499.0310558
1036,491.3751878
1037,483.6496637
1038,476.2319914
1039,469.531435
1040,463.9818148
1041,460.0730783
1042,458.3685942
1043,459.4119753
1044,463.6695923
1045,471.342359
1046,482.1878056
1047,495.3288149
1048,509.096627
1049,521.2671984
1050,529.5382192
1051,532.3448752
1052,529.4109788
1053,521.7373328
1054,510.9464284
1055,498.7318323
1056,486.3751908
1057,474.6503987
1058,463.9976549
1059,454.6487273
1060,446.8686107
1061,441.0406645
1062,437.6983497
1063,437.518934
1064,441.2320922
1065,449.4293853
1066,462.3686553
1067,479.6666796
1068,499.9723444
1069,520.8749905
1070,539.244781
1071,552.1177172
1072,557.7428227
1073,556.2396112
1074,549.1427387
1075,538.5532968
1076,526.389792
1077,513.9753592
1078,502.0035841
1079,490.8197709
1080,480.6013224
1081,471.4899981
1082,463.8035605
1083,457.9580017
1084,454.4646793
1085,453.8711515
1086,456.5953541
1087,462.7988628
1088,472.1515611
1089,483.7656221
1090,496.1167444
1091,507.2249722
1092,515.1673493
1093,518.6932876
1094,517.5327346
1095,512.4086584
1096,504.5989694
1097,495.4963796
1098,486.2303779
1099,477.5886975
1100,470.0875195
1101,464.0687258
1102,459.7518837
1103,457.362897
1104,457.0937353
1105,459.0522024
1106,463.292179
1107,469.6503365
1108,477.7365643
1109,486.9529882
1110,496.4702797
1111,505.4137437
1112,512.9607412
1113,518.5275569
1114,521.8593402
1115,522.9965398
1116,522.2725052
1117,520.1488914
1118,517.0963859
1119,513.579266
1120,509.9884125
1121,506.6348369
1122,503.7242536
1123,501.3698574
1124,499.6153056
1125,498.3198834
1126,497.3281479
1127,496.3578
1128,495.1068479
1129,493.364042
1130,490.9346463
1131,487.8444997
1132,484.1795728
1133,480.2156685
1134,476.2310835
1135,472.6355742
1136,469.7633718
1137,468.0060337
1138,467.6950883
1139,469.096523
1140,472.324909
1141,477.3710828
1142,483.8845405
1143,491.2905365
1144,498.7161703
1145,505.1598484
1146,509.691579
1147,511.7118933
1148,511.0721544
1149,508.0568233
1150,503.2387923
1151,497.3284673
1152,490.9560897
1153,484.6441731
1154,478.8513885
1155,473.9387686
1156,470.3017446
1157,468.3679481
1158,468.6023918
1159,471.3652661
1160,476.97717
1161,485.3830418
1162,496.1435103
1163,508.2522338
1164,520.1455608
1165,529.9990894
1166,536.1631203
1167,537.6441081
1168,534.4491913
1169,527.3731041
1170,517.6389332
1171,506.4796899
1172,494.965134
1173,483.7814407
1174,473.4843001
1175,464.4629963
1176,457.1477814
1177,451.9573919
1178,449.3907805
1179,449.8455388
1180,453.5944156
1181,460.620341
1182,470.4490552
1183,482.0424181
1184,493.9285863
1185,504.4083582
1186,512.039547
1187,516.0339423
1188,516.4374603
1189,513.8967577
1190,509.4116016
1191,503.9458906
1192,498.2639119
1193,492.9333652
1194,488.3090486
1195,484.7343586
1196,482.4571914
1197,481.7223806
1198,482.6924081
1199,485.4627248
1200,489.8821483
1201,495.603601
1202,501.9624158
1203,508.1331104
1204,513.1184021
1205,516.1204978
1206,516.5886841
1207,514.4459519
1208,509.9887856
1209,503.783691
1210,496.5512929
1211,488.9793777
1212,481.6713058
1213,475.1616928
1214,469.933379
1215,466.3417027
1216,464.7186056
1217,465.2611951
1218,467.9745909
1219,472.6535154
1220,478.8050326
1221,485.6693479
1222,492.3203566
1223,497.8052216
1224,501.4483726
1225,502.9036701
1226,502.2708182
1227,499.9247602
1228,496.414984
1229,492.3116164
1230,488.1032503
1231,484.2220084
1232,481.0935969
1233,479.0299242
1234,478.4381209
1235,479.6114828
1236,482.8536816
1237,488.2622509
1238,495.7149444
1239,504.7016228
1240,514.3215779
1241,523.336978
1242,530.3888205
1243,534.2894782
1244,534.4475317
1245,530.9010068
1246,524.235447
1247,515.4037613
1248,505.3164119
1249,494.834284
1250,484.5711464
1251,475.0015154
1252,466.5470887
1253,459.6244821
1254,454.6885356
1255,452.2069043
1256,452.6040362
1257,456.1516389
1258,462.8172949
1259,472.1137869
1260,483.0201547
1261,494.0048081
1262,503.3078112
1263,509.4358118
1264,511.6227453
1265,510.0004083
1266,505.4076006
1267,499.0039774
1268,491.849421
1269,484.8218423
1270,478.508581
1271,473.3085852
1272,469.5285361
1273,467.4658467
1274,467.4000043
1275,469.5674925
1276,474.1115912
1277,480.982417
1278,489.8266046
1279,499.9292816
1280,510.3318471
1281,519.795764
1282,527.2260614
1283,531.782287
1284,533.1585606
1285,531.5247745
1286,527.441932
1287,521.6111542
1288,514.7723072
1289,507.5498017
1290,500.471399
1291,494.008007
1292,488.4780117
1293,484.1349855
1294,481.142743
1295,479.5166838
1296,479.0761163
1297,479.5064089
1298,480.3767036
1299,481.1493633
1300,481.4047689
1301,480.8339918
1302,479.4157705
1303,477.2999074
1304,474.8112072
1305,472.3749176
1306,470.4055974
1307,469.3345574
1308,469.5301124
1309,471.2828208
1310,474.7906487
1311,480.0920306
1312,487.0425334
1313,495.207522
1314,503.8871419
1315,512.1127086
1316,518.9172862
1317,523.4138863
1318,525.0981769
1319,523.9164528
1320,520.1788797
1321,514.4809416
1322,507.4919606
1323,499.8351336
1324,492.034906
1325,484.5227853
1326,477.7784479
1327,472.2357832
1328,468.4029379
1329,466.8433347
1330,468.015063
1331,472.2964537
1332,479.7265187
1333,489.8504488
1334,501.5860897
1335,513.2292548
1336,522.7335957
1337,528.225315
1338,528.7178356
1339,524.3230431
1340,516.0884381
1341,505.5180012
1342,493.9654213
1343,482.4769592
1344,471.6845445
1345,461.9532525
1346,453.6048414
1347,446.9326692
1348,442.3699982
1349,440.4636865
1350,441.8514627
1351,447.0922097
1352,456.5974457
1353,470.2835805
1354,487.413014
1355,506.2668171
1356,524.3471623
1357,538.8011942
1358,547.4314114
1359,549.3493923
1360,545.2721447
1361,536.8578931
1362,526.0355709
1363,514.2909325
1364,502.628923
1365,491.582414
1366,481.4169989
1367,472.3321853
1368,464.5830996
1369,458.5278208
1370,454.709346
1371,453.6540455
1372,455.8924251
1373,461.6630367
1374,470.8885067
1375,482.8242058
1376,496.0712515
1377,508.6190152
1378,518.34661
1379,523.596649
1380,523.7524419
1381,519.3344495
1382,511.6438758
1383,502.1432011
1384,492.1750836
1385,482.6546399
1386,474.1610305
1387,467.1316692
1388,461.8216692
1389,458.4809481
1390,457.317878
1391,458.4851154
1392,462.048807
1393,467.8640678
1394,475.5386496
1395,484.4818145
1396,493.8566465
1397,502.7487928
1398,510.3876865
1399,516.1916965
1400,519.9125157
1401,521.6536014
1402,521.6913495
1403,520.4785023
1404,518.4401794
1405,515.9848859
1406,513.4256785
1407,510.9846945
1408,508.782772
1409,506.7847184
1410,504.9089173
1411,502.9403364
1412,500.6310423
1413,497.7691566
1414,494.1604388
1415,489.7935078
1416,484.7492288
1417,479.2548662
1418,473.6269173
1419,468.2805156
1420,463.628404
1421,460.1154632
1422,458.1659143
1423,458.183436
1424,460.5041217
1425,465.307574
1426,472.5030308
1427,481.6577752
1428,491.9223892
1429,502.0775704
1430,510.6958038
1431,516.5721701
1432,519.0014818
1433,517.9447067
1434,513.9661792
1435,507.9564011
1436,500.7925992
1437,493.2266449
1438,485.7689924
1439,478.8220104
1440,472.7023632
1441,467.7749717
1442,464.4760437
1443,463.3720291
1444,465.0426313
1445,470.0155296
1446,478.5920826
1447,490.6087865
1448,505.3159082
1449,521.0451374
1450,535.5030531
1451,546.1349438
1452,551.0520022
1453,549.5833366
1454,542.4681535
1455,531.3058252
1456,517.9400703
1457,503.8507431
1458,490.0379416
1459,477.0387528
1460,465.1956671
1461,454.7722887
1462,446.1038486
1463,439.6756464
1464,436.0574568
1465,435.9195281
1466,439.7813175
1467,447.9765714
1468,460.2911572
1469,475.7886774
1470,492.6524217
1471,508.3644499
1472,520.4036308
1473,527.0183174
1474,527.8232838
1475,523.8000224
1476,516.5836173
1477,507.7979007
1478,498.7229555
1479,490.1068724
1480,482.3888126
1481,475.8153031
1482,470.5789754
1483,466.937664
1484,465.1996088
1485,465.769719
1486,468.9227613
1487,474.8481551
1488,483.4072721
1489,494.0578563
1490,505.7357136
1491,517.029993
1492,526.3552105
1493,532.3410914
1494,534.2596611
1495,532.1088886
1496,526.5911376
1497,518.6619186
1498,509.4234732
1499,499.7621913
1500,490.3823593
1501,481.8542449
1502,474.5865421
1503,468.8994866
1504,465.0804567
1505,463.3317148
1506,463.6958344
1507,466.0628714
1508,470.0963871
1509,475.2395871
1510,480.7627447
1511,485.9440512
1512,490.168791
1513,493.0442173
1514,494.5317261
1515,494.7857578
1516,494.189382
1517,493.1738305
1518,492.1333249
1519,491.4597496
1520,491.4382259
1521,492.3249746
1522,494.1790929
1523,496.995415
1524,500.5799353
1525,504.5361744
1526,508.3573275
1527,511.4246871
1528,513.167009
1529,513.2210409
1530,511.4016727
1531,507.8544419
1532,502.8830598
1533,496.9925092
1534,490.674148
1535,484.4135513
1536,478.726017
1537,474.0485439
1538,470.8156366
1539,469.423037
1540,470.1827714
1541,473.2361538
1542,478.4708184
1543,485.4381598
1544,493.3070286
1545,500.9200017
1546,507.0779627
1547,510.7246134
1548,511.3146618
1549,508.9646544
1550,504.2116806
1551,497.886688
1552,490.8074445
1553,483.6580692
1554,477.0093469
1555,471.2965867
1556,466.8681475
1557,464.1400123
1558,463.4821089
1559,465.2492098
1560,469.6895206
1561,476.8312296
1562,486.3395543
1563,497.4536975
1564,508.9784748
1565,519.4091361
1566,527.3309513
1567,531.7147171
1568,532.2080809
1569,529.1940796
1570,523.4568034
1571,515.9640226
1572,507.5815367
1573,498.9971385
1574,490.7668552
1575,483.2758053
1576,476.9015352
1577,472.0141052
1578,468.9413291
1579,468.0012889
1580,469.3703171
1581,472.9970007
1582,478.5268313
1583,485.2713124
1584,492.2086268
1585,498.1690911
1586,502.1152989
1587,503.4244059
1588,501.9905313
1589,498.2303451
1590,492.8755958
1591,486.7382104
1592,480.54588
1593,474.8872296
1594,470.2424602
1595,467.0062516
1596,465.4726666
1597,465.929662
1598,468.5808542
1599,473.5005106
1600,480.5430038
1601,489.2882756
1602,499.0070062
1603,508.6596702
1604,517.1292198
1605,523.4267904
1606,526.8666728
1607,527.2792384
1608,524.942758
1609,520.3889609
1610,514.3340651
1611,507.4325967
1612,500.2804531
1613,493.3581554
1614,487.0923162
1615,481.9100924
1616,478.2310125
1617,476.4141826
1618,476.7752652
1619,479.4183463
1620,484.185356
1621,490.5758742
1622,497.6493821
1623,504.184404
1624,508.9731846
1625,511.0152034
1626,509.8781841
1627,505.805733
1628,499.4683212
1629,491.785388
1630,483.5951025
1631,475.6248031
1632,468.3897745
1633,462.3224102
1634,457.8182766
1635,455.2615274
1636,454.9855483
1637,457.338108
1638,462.5141909
1639,470.404767
1640,480.5776232
1641,492.1478698
1642,503.8020789
1643,514.0602535
1644,521.5673332
1645,525.5468726
1646,525.8603445
1647,523.0347685
1648,517.9270961
1649,511.4670477
1650,504.4581885
1651,497.5221616
1652,491.1068723
1653,485.5769703
1654,481.2677185
1655,478.4361809
1656,477.3454789
1657,478.1545618
1658,480.8680487
1659,485.2812374
1660,490.8955168
1661,497.0321333
1662,502.7896149
1663,507.321213
1664,509.9810135
1665,510.4327921
1666,508.7483585
1667,505.3281638
1668,500.6938906
1669,495.4857632
1670,490.226555
1671,485.4094439
1672,481.390427
1673,478.4441499
1674,476.7415283
1675,476.2894202
1676,477.0337596
1677,478.7272857
1678,481.0284887
1679,483.5188516
1680,485.805836
1681,487.5511229
1682,488.5817949
1683,488.8601062
1684,488.5363072
1685,487.8387392
1686,487.0601695
1687,486.5466044
1688,486.5862181
1689,487.47788
1690,489.4397122
1691,492.5648362
1692,496.8419406
1693,502.0451863
1694,507.6993779
1695,513.1481887
1696,517.6160771
1697,520.360523
1698,520.8222148
1699,518.8014053
1700,514.4224615
1701,508.1375027
1702,500.5474269
1703,492.2454043
1704,483.8074038
1705,475.7466809
1706,468.4770065
1707,462.4842566
1708,458.2015424
1709,456.1147646
1710,456.7153476
1711,460.3398992
1712,467.1729682
1713,476.9564558
1714,488.9486811
1715,501.7905176
1716,513.6970949
1717,522.7730309
1718,527.6448655
1719,527.8400187
1720,523.8357417
1721,516.7445266
1722,507.8677982
1723,498.2709535
1724,488.7241753
1725,479.7181627
1726,471.5499826
1727,464.4704362
1728,458.825413
1729,455.0463733
1730,453.6521094
1731,455.2477954
1732,460.34028
1733,469.20618
1734,481.7092019
1735,496.9977924
1736,513.4218436
1737,528.653909
1738,540.1222579
1739,545.9211347
1740,545.3917566
1741,539.2595503
1742,529.1379243
1743,516.8229956
1744,503.7944891
1745,491.0167888
1746,479.0576779
1747,468.2035374
1748,458.7369183
1749,450.9092946
1750,445.1577287
1751,441.9616869
1752,441.8695627
1753,445.3117859
1754,452.5442544
1755,463.3513941
1756,476.9864153
1757,491.9555109
1758,506.2934191
1759,517.9150886
1760,525.2689104
1761,527.7845709
1762,525.9074516
1763,520.777249
1764,513.7499558
1765,505.9406821
1766,498.2010599
1767,491.0469023
1768,484.8233243
1769,479.7424272
1770,475.965715
1771,473.6621589
1772,472.9685937
1773,473.9484835
1774,476.5997189
1775,480.7393556
1776,486.0358374
1777,492.0227267
1778,498.1079772
1779,503.7448281
1780,508.4146919
1781,511.7770404
1782,513.7311981
1783,514.2877972
1784,513.6347922
1785,512.0269272
1786,509.7379304
1787,506.9496316
1788,503.8476978
1789,500.5112411
1790,496.9636502
1791,493.201972
1792,489.1907082
1793,484.9568218
1794,480.5181625
1795,475.9699628
1796,471.4988092
1797,467.2594163
1798,463.5222908
1799,460.5754408
1800,458.7394575
1801,458.3351341
1802,459.7094846
1803,463.1937568
1804,468.9825416
1805,477.0845047
1806,487.2443931
1807,498.7650431
1808,510.548509
1809,521.2004878
1810,529.2902117
1811,533.7352523
1812,534.1317734
1813,530.748139
1814,524.4300785
1815,516.1583993
1816,506.9081089
1817,497.3862113
1818,488.0457115
1819,479.2470935
1820,471.2783269
1821,464.5154665
1822,459.3749443
1823,456.4504947
1824,456.3739531
1825,459.7299644
1826,466.9000938
1827,477.9388536
1828,492.1535314
1829,508.0864936
1830,523.3983699
1831,535.3898191
1832,541.8420346
1833,541.740553
1834,535.6605414
1835,525.2354192
1836,512.4109954
1837,498.8451275
1838,485.6504238
1839,473.4144283
1840,462.4471557
1841,452.9522733
1842,445.1711452
1843,439.4914147
1844,436.4099892
1845,436.4865957
1846,440.3183934
1847,448.2506054
1848,460.3239038
1849,475.9387524
1850,493.7048388
1851,511.5238037
1852,526.8569077
1853,537.5083292
1854,542.2974647
1855,541.3765744
1856,535.9485994
1857,527.6299216
1858,517.8568107
1859,507.7562882
1860,497.9581955
1861,488.8745347
1862,480.7236226
1863,473.7237892
1864,468.1168576
1865,464.2257895
1866,462.4195762
1867,462.9744955
1868,466.0865765
1869,471.7016962
1870,479.4620925
1871,488.6290783
1872,498.125905
1873,506.7176279
1874,513.2491303
1875,516.9226673
1876,517.5111331
1877,515.3034352
1878,510.9428107
1879,505.2366806
1880,498.9202203
1881,492.6208858
1882,486.7967391
1883,481.7818267
1884,477.7748588
1885,474.9325535
1886,473.3145761
1887,472.8939643
1888,473.5873708
1889,475.238862
1890,477.6003282
1891,480.4418652
1892,483.499563
1893,486.5653846
1894,489.4496204
1895,492.1250215
1896,494.5935618
1897,496.9268604
1898,499.224399
1899,501.5680493
1900,504.0004865
1901,506.4967633
1902,508.9373266
1903,511.1039034
1904,512.6947576
1905,513.3824509
1906,512.8865685
1907,511.0100094
1908,507.7410558
1909,503.1798248
1910,497.5867847
1911,491.3093413
1912,484.7085112
1913,478.1979095
1914,472.1392149
1915,466.9345904
1916,462.9957458
1917,460.7172476
1918,460.5118955
1919,462.7138117
1920,467.5134661
1921,474.8108541
1922,484.1376868
1923,494.5744046
1924,504.7878314
1925,513.2809939
1926,518.7913936
1927,520.5975259
1928,518.766272
1929,513.9797139
1930,507.226191
1931,499.497224
1932,491.5824171
1933,484.0288143
1934,477.2493793
1935,471.5553097
1936,467.2518586
1937,464.7132415
1938,464.302741
1939,466.4260837
1940,471.3499129
1941,479.1044128
1942,489.3442016
1943,501.258802
1944,513.5052874
1945,524.4615546
1946,532.501289
1947,536.4977241
1948,536.0896173
1949,531.7014023
1950,524.2805649
1951,514.934198
1952,504.7134344
1953,494.3997248
1954,484.5745443
1955,475.6649033
1956,468.0504912
1957,462.032588
1958,457.9757114
1959,456.153725
1960,456.7337456
1961,459.7648848
1962,465.0041586
1963,471.9271013
1964,479.7354824
1965,487.4436195
1966,494.1042462
1967,498.9441491
1968,501.6519825
1969,502.248833
1970,501.1346963
1971,498.8624379
1972,495.9815697
1973,493.0292743
1974,490.3712459
1975,488.3551096
1976,487.1940502
1977,487.0608745
1978,488.0359964
1979,490.1350217
1980,493.2274585
1981,497.0976455
1982,501.3453639
1983,505.5400287
1984,509.1756505
1985,511.8004753
1986,513.0702027
1987,512.8642577
1988,511.2181603
1989,508.3573352
1990,504.5802491
1991,500.2916425
1992,495.8503554
1993,491.6647019
1994,488.0258167
1995,485.2711606
1996,483.5896636
1997,483.1253258
1998,483.8813776
1999,485.703946
2000,488.2707986
2001,491.0912931
2002,493.6111905
2003,495.272128
2004,495.6716744
2005,494.600383
2006,492.1184732
2007,488.5070089
2008,484.1514606
2009,479.5019787
2010,475.0233345
2011,471.0818441
2012,468.0736756
2013,466.3065799
2014,466.1208815
2015,467.7326336
2016,471.3310926
2017,476.9265166
2018,484.2789122
2019,492.9514101
2020,502.1359071
2021,510.9047321
2022,518.2476468
2023,523.3048916
2024,525.6408074
2025,525.223291
2026,522.4118774
2027,517.7472558
2028,511.9121948
2029,505.4672625
2030,498.9238007
2031,492.685251
2032,487.1092668
2033,482.5159033
2034,479.2057994
2035,477.4272473
2036,477.3562855
2037,479.001044
2038,482.2185864
2039,486.5871908
2040,491.4731592
2041,496.105488
2042,499.6831278
2043,501.6451345
2044,501.6767756
2045,499.8698352
2046,496.5839286
2047,492.3565173
2048,487.7389017
2049,483.3007665
2050,479.4619735
2051,476.5590617
2052,474.8518255
2053,474.4779304
2054,475.481472
2055,477.7722592
2056,481.1338816
2057,485.2314203
2058,489.637689
2059,493.857634
2060,497.5054491
2061,500.2359282
2062,501.9098483
2063,502.5465374
2064,502.2689361
2065,501.355842
2066,500.096677
2067,498.819032
2068,497.8098238
2069,497.3360283
2070,497.568476
2071,498.5955807
2072,500.3449302
2073,502.5866098
2074,504.9350473
2075,506.884573
2076,507.8699133
2077,507.4319045
2078,505.3237159
2079,501.5420958
2080,496.3176276
2081,490.0888796
2082,483.3159295
2083,476.5340232
2084,470.2066512
2085,464.7538102
2086,460.5593254
2087,458.0441132
2088,457.5612569
2089,459.4588631
2090,463.9321044
2091,471.0141404
2092,480.4341351
2093,491.492501
2094,503.0935723
2095,513.8385802
2096,522.3558203
2097,527.5478311
2098,528.9956012
2099,526.8821958
2100,521.9537835
2101,515.1097979
2102,507.2082092
2103,498.9818713
2104,490.8806888
2105,483.3050292
2106,476.5244764
2107,470.8948179
2108,466.7577267
2109,464.577916
2110,464.7948555
2111,467.7684892
2112,473.7218017
2113,482.5194623
2114,493.5494253
2115,505.7110619
2116,517.3103328
2117,526.5566125
2118,531.8467885
2119,532.3649726
2120,528.2865597
2121,520.4978657
2122,510.2833907
2123,498.9104127
2124,487.361098
2125,476.3051499
2126,466.2049029
2127,457.3766503
2128,450.1395668
2129,444.8466068
2130,441.8790885
2131,441.6940833
2132,444.6499514
2133,450.941685
2134,460.4883826
2135,472.7777042
2136,486.8016003
2137,501.0709303
2138,513.9079085
2139,523.8826664
2140,530.0439041
2141,532.291133
2142,531.1441772
2143,527.488706
2144,522.2746447
2145,516.3085495
2146,510.1252459
2147,504.1338685
2148,498.6028374
2149,493.6898359
2150,489.5540787
2151,486.3584761
2152,484.22202
2153,483.2475262
2154,483.4379712
2155,484.7236564
2156,486.907388
2157,489.6979053
2158,492.715728
2159,495.5833771
2160,497.9120425
2161,499.438404
2162,500.0327541
2163,499.644846
2164,498.403158
2165,496.4416639
2166,493.9484262
2167,491.1146253
2168,488.100055
2169,485.0092691
2170,481.926852
2171,478.9187919
2172,476.0444763
2173,473.3432797
2174,470.9206293
2175,468.8419745
2176,467.2261984
2177,466.2195571
2178,466.0056992
2179,466.768253
2180,468.7611991
2181,472.2239195
2182,477.3489694
2183,484.279273
2184,492.9603435
2185,503.1199926
2186,514.1325417
2187,525.0190273
2188,534.5523807
2189,541.4734833
2190,544.7937016
2191,544.1140919
2192,539.589752
2193,531.9414903
2194,522.1531126
2195,511.1424125
2196,499.7062477
2197,488.3978383
2198,477.6722729
2199,467.830504
2200,459.2565273
2201,452.3942332
2202,447.8061162
2203,446.0472145
2204,447.7327962
2205,453.2841333
2206,462.7876666
2207,475.7869539
2208,491.0455839
2209,506.5248661
2210,519.6964581
2211,528.2997437
2212,531.0411097
2213,528.0874563
2214,520.7225063
2215,510.6952188
2216,499.6263353
2217,488.6362315
2218,478.3862192
2219,469.1998209
2220,461.2739521
2221,454.8245028
2222,450.1366856
2223,447.5853646
2224,447.687156
2225,450.9412369
2226,457.7492771
2227,468.2271482
2228,482.0798931
2229,498.3694866
2230,515.4604746
2231,531.2128419
2232,543.4287979
2233,550.4503686
2234,551.7118872
2235,547.705392
2236,539.6922991
2237,529.1655161
2238,517.4222047
2239,505.3796581
2240,493.6501351
2241,482.5916045
2242,472.49817
2243,463.6319192
2244,456.3151
2245,450.9080052
2246,447.8194097
2247,447.4277202
2248,449.9557575
2249,455.4531264
2250,463.6195856
2251,473.7518595
2252,484.773975
2253,495.3665511
2254,504.2402105
2255,510.4169231
2256,513.528708
2257,513.7997051
2258,511.8262625
2259,508.3759773
2260,504.1756016
2261,499.8207272
2262,495.6793497
2263,492.0478977
2264,489.0727218
2265,486.843012
2266,485.4318867
2267,484.8888
2268,485.2246187
2269,486.4085329
2270,488.3995617
2271,491.0557906
2272,494.2050044
2273,497.6168897
2274,501.0591546
2275,504.2435729
2276,506.9817656
2277,509.0388035
2278,510.2727989
2279,510.5810964
2280,509.9375725
2281,508.2896327
2282,505.7049126
2283,502.22283
2284,497.9578947
2285,493.0859616
2286,487.7399725
2287,482.1460178
2288,476.5394005
2289,471.1447808
2290,466.2018952
2291,461.9292089
2292,458.5588747
2293,456.3264038
2294,455.5026597
2295,456.3115517
2296,459.015722
2297,463.7855994
2298,470.726165
2299,479.7178506
2300,490.3715664
2301,502.0028077
2302,513.6222743
2303,523.9944843
2304,531.9444482
2305,536.6339047
2306,537.7386102
2307,535.439281
2308,530.3878311
2309,523.4041162
2310,515.2610722
2311,506.6238606
2312,497.9831377
2313,489.7353862
2314,482.1766846
2315,475.6658791
2316,470.5936363
2317,467.3905398
2318,466.4975862
2319,468.2602718
2320,472.8205897
2321,480.0411732
2322,489.2925001
2323,499.452056
2324,509.0303908
2325,516.3619039
2326,520.1609138
2327,519.8404871
2328,515.6090841
2329,508.3578862
2330,499.2448972
2331,489.3513882
2332,479.5593507
2333,470.4573874
2334,462.5215893
2335,456.0442317
2336,451.3466025
2337,448.7098216
2338,448.4612116
2339,450.8348467
2340,455.9632728
2341,463.7316354
2342,473.7798582
2343,485.398248
2344,497.5467539
2345,509.0227026
2346,518.725119
2347,525.7740316
2348,529.8172659
2349,530.9184558
2350,529.5214097
2351,526.2485511
2352,521.6998573
2353,516.4257048
2354,510.8491401
2355,505.2790992
2356,500.0066656
2357,495.2500161
2358,491.1942266
2359,488.04753
2360,485.9075947
2361,484.8680216
2362,484.8822388
2363,485.8482286
2364,487.4822851
2365,489.4313454
2366,491.2782524
2367,492.6319386
2368,493.1387651
2369,492.6313335
2370,491.1410547
2371,488.8207579
2372,485.9323613
2373,482.812057
2374,479.8331014
2375,477.2481143
2376,475.3398842
2377,474.2718067
2378,474.1716982
2379,475.0762717
2380,476.944409
2381,479.6850382
2382,483.1280132
2383,487.0598424
2384,491.1967114
2385,495.2654621
2386,499.0071324
2387,502.2170648
2388,504.7153266
2389,506.476655
2390,507.4887655
2391,507.827087
2392,507.6036634
2393,506.9764809
2394,506.082387
2395,505.0713561
2396,504.0190799
2397,503.0215408
2398,502.0835912
2399,501.1525745
2400,500.1769542
2401,499.0204843
2402,497.5762502
2403,495.7412183
2404,493.4625454
2405,490.7760326
2406,487.7738245
2407,484.5835605
2408,481.4345712
2409,478.522964
2410,476.0890036
2411,474.3310249
2412,473.4409867
2413,473.5210601
2414,474.6596869
2415,476.8034999
2416,479.854995
2417,483.5700636
2418,487.6513712
2419,491.7218735
2420,495.4324706
2421,498.4404365
2422,500.5764908
2423,501.7350822
2424,501.9864293
2425,501.4889759
2426,500.4638007
2427,499.1612422
2428,497.8420885
2429,496.7674649
2430,496.0881115
2431,495.9950166
2432,496.5747969
2433,497.8335472
2434,499.6742141
2435,501.907834
2436,504.240913
2437,506.3230178
2438,507.7329265
2439,508.1790169
2440,507.4239612
2441,505.3924952
2442,502.1805193
2443,497.9950756
2444,493.1813686
2445,488.0741989
2446,483.0489322
2447,478.4636438
2448,474.6589703
2449,471.9111283
2450,470.4307896
2451,470.3367503
2452,471.6293867
2453,474.1473161
2454,477.6130303
2455,481.5405296
2456,485.4462854
2457,488.8159847
2458,491.263807
2459,492.6200896
2460,492.8893132
2461,492.2672302
2462,491.0211384
2463,489.5102849
2464,488.0392142
2465,486.89781
2466,486.3027302
2467,486.5060975
2468,487.6502786
2469,489.8620743
2470,493.2331859
2471,497.6983394
2472,503.10604
2473,509.1558913
2474,515.3479853
2475,521.097136
2476,525.7391737
2477,528.6967502
2478,529.5340991
2479,528.0746074
2480,524.4019645
2481,518.7792139
2482,511.6718954
2483,503.566107
2484,494.995614
2485,486.4174766
2486,478.2336106
2487,470.8147767
2488,464.5158894
2489,459.6600516
2490,456.5114018
2491,455.3223877
2492,456.2092578
2493,459.215662
2494,464.1645633
2495,470.6914091
2496,478.1994887
2497,485.9379202
2498,493.11647
2499,499.0230491
2500,503.185414
2501,505.4087487
2502,505.8032182
2503,504.6719884
2504,502.4167354
2505,499.4787624
2506,496.2091869
2507,492.9401911
2508,489.8943393
2509,487.3136626
2510,485.3908819
2511,484.3476473
2512,484.3357206
2513,485.5373525
2514,488.0416193
2515,491.8267941
2516,496.7359574
2517,502.4240821
2518,508.3905892
2519,513.9811311
2520,518.5379023
2521,521.4544023
2522,522.3267915
2523,521.0093469
2524,517.668271
2525,512.6293442
2526,506.3891198
2527,499.4214574
2528,492.2070167
2529,485.1381553
2530,478.5258883
2531,472.6700144
2532,467.772322
2533,464.0077665
2534,461.535058
2535,460.4957641
2536,460.9266572
2537,462.8715988
2538,466.2588861
2539,470.9311991
2540,476.6599819
2541,483.0782892
2542,489.8219803
2543,496.4300707
2544,502.4515911
2545,507.5089174
2546,511.3089868
2547,513.6873898
2548,514.6123181
2549,514.1145942
2550,512.4161579
2551,509.6933188
2552,506.2173899
2553,502.2131086
2554,497.8844909
2555,493.4689348
2556,489.1755223
2557,485.1963883
2558,481.7708297
2559,479.1543514
2560,477.6045004
2561,477.3719256
2562,478.6842435
2563,481.6708812
2564,486.2821006
2565,492.2147479
2566,498.9557271
2567,505.6591817
2568,511.3500758
2569,515.0450623
2570,516.0480259
2571,514.1046866
2572,509.4618617
2573,502.7149476
2574,494.6753144
2575,486.1146909
2576,477.7040549
2577,469.930138
2578,463.1742031
2579,457.7318015
2580,453.8777874
2581,451.9427812
2582,452.2268629
2583,455.0377422
2584,460.5928455
2585,468.9211256
2586,479.8176825
2587,492.6712015
2588,506.4707636
2589,519.8686303
2590,531.3657524
2591,539.7060524
2592,544.0846168
2593,544.3686392
2594,540.9971413
2595,534.8119776
2596,526.6833895
2597,517.4419475
2598,507.7435772
2599,498.0381302
2600,488.6748942
2601,479.9642952
2602,472.1534236
2603,465.5742634
2604,460.5552853
2605,457.41632
2606,456.4669903
2607,457.8933257
2608,461.751311
2609,467.8520638
2610,475.6925665
2611,484.4749819
2612,493.1900288
2613,500.71298
2614,506.126566
2615,508.8805076
2616,508.8726105
2617,506.4843639
2618,502.3203225
2619,497.0786407
2620,491.4061598
2621,485.752931
2622,480.5056407
2623,475.8939335
2624,472.1076559
2625,469.320077
2626,467.7542793
2627,467.5897504
2628,469.0683381
2629,472.3870785
2630,477.6258854
2631,484.7835218
2632,493.6205449
2633,503.6222856
2634,514.0384907
2635,523.8440382
2636,532.0213366
2637,537.5927936
2638,539.9850836
2639,539.0531333
2640,535.0584518
2641,528.6252488
2642,520.440354
2643,511.2313829
2644,501.5876354
2645,491.9813034
2646,482.7972416
2647,474.3113756
2648,466.8104922
2649,460.5657234
2650,455.859806
2651,452.9646392
2652,452.1228816
2653,453.5397095
2654,457.2483517
2655,463.124701
2656,470.807735
2657,479.6513765
2658,488.8134161
2659,497.3170615
2660,504.2647101
2661,508.9928659
2662,511.2005694
2663,510.9958892
2664,508.7754054
2665,505.1216649
2666,500.6017005
2667,495.7047141
2668,490.8027163
2669,486.1838351
2670,482.0675413
2671,478.6386835
2672,476.0640546
2673,474.5716559
2674,474.3963341
2675,475.7752973
2676,478.9037414
2677,483.9089006
2678,490.7073
2679,499.0110388
2680,508.2293889
2681,517.459525
2682,525.6287539
2683,531.6046219
2684,534.5328903
2685,533.9613312
2686,530.013759
2687,523.1999549
2688,514.353594
2689,504.351417
2690,493.9256806
2691,483.7339127
2692,474.192398
2693,465.7004385
2694,458.5578454
2695,453.1072123
2696,449.6545385
2697,448.507235
2698,449.916639
2699,453.9909054
2700,460.6419463
2701,469.4988102
2702,479.9043542
2703,490.8521743
2704,501.2299248
2705,509.9575895
2706,516.2258077
2707,519.7044553
2708,520.4770141
2709,518.9598376
2710,515.7789043
2711,511.5151549
2712,506.6717758
2713,501.6856561
2714,496.8283155
2715,492.3488337
2716,488.401378
2717,485.1592081
2718,482.7398287
2719,481.2804342
2720,480.8248612
2721,481.4293753
2722,483.0436442
2723,485.5339118
2724,488.7117133
2725,492.3132592
2726,495.9774449
2727,499.3704524
2728,502.1435164
2729,504.0147726
2730,504.7850546
2731,504.3834437
2732,502.8221272
2733,500.2562037
2734,496.8840592
2735,492.9661268
2736,488.7544693
2737,484.4978694
2738,480.4284733
2739,476.7699886
2740,473.6896753
2741,471.3829472
2742,469.9882893
2743,469.6842551
2744,470.5558058
2745,472.7335938
2746,476.2502901
2747,481.0487858
2748,486.9637888
2749,493.7413738
2750,500.8995614
2751,507.9330561
2752,514.2383577
2753,519.2325871
2754,522.4941059
2755,523.78485
2756,523.0844766
2757,520.5624111
2758,516.5605726
2759,511.4652693
2760,505.6681226
2761,499.557798
2762,493.4437411
2763,487.6346186
2764,482.4098664
2765,477.9776195
2766,474.5844272
2767,472.4021981
2768,471.549654
2769,472.0765534
2770,473.9089637
2771,476.8842851
2772,480.6388987
2773,484.7912244
2774,488.8091241
2775,492.2623108
2776,494.7557204
2777,496.0621506
2778,496.1570405
2779,495.194227
2780,493.3780079
2781,491.0325578
2782,488.4796058
2783,485.9843244
2784,483.8107922
2785,482.1426789
2786,481.135656
2787,480.9242074
2788,481.604811
2789,483.201599
2790,485.7010995
2791,489.0733976
2792,493.1293839
2793,497.6788469
2794,502.4034171
2795,506.9787024
2796,511.0082498
2797,514.1927247
2798,516.2424493
2799,517.0098083
2800,516.4831047
2801,514.7433095
2802,511.9755815
2803,508.4377951
2804,504.3768152
2805,500.0720396
2806,495.8016976
2807,491.7745433
2808,488.2147053
2809,485.2599184
2810,483.0090395
2811,481.4933953
2812,480.6542293
2813,480.3829666
2814,480.511985
2815,480.8434085
2816,481.1371638
2817,481.2629184
2818,481.102713
2819,480.6340817
2820,479.9593587
2821,479.1969449
2822,478.5466569
2823,478.2189332
2824,478.3906562
2825,479.2652174
2826,480.9374945
2827,483.4578088
2828,486.8089389
2829,490.8639139
2830,495.3732904
2831,500.0456608
2832,504.4557808
2833,508.2363951
2834,511.030371
2835,512.6003968
2836,512.844627
2837,511.8170608
2838,509.6844445
2839,506.6924089
2840,503.1394667
2841,499.3327357
2842,495.5832451
2843,492.1861604
2844,489.3860677
2845,487.4439119
2846,486.5224069
2847,486.7328935
2848,488.044881
2849,490.2984496
2850,493.1676376
2851,496.2249897
2852,498.9331652
2853,500.7885118
2854,501.4184593
2855,500.6591461
2856,498.5536843
2857,495.3118628
2858,491.3077154
2859,486.9323369
2860,482.5899021
2861,478.6175216
2862,475.3079571
2863,472.8787755
2864,471.4949267
2865,471.300489
2866,472.3149173
2867,474.5165657
2868,477.798543
2869,481.9644573
2870,486.7332099
2871,491.7271347
2872,496.6166878
2873,501.0350092
2874,504.7024657
2875,507.4733436
2876,509.2236
2877,510.0192574
2878,509.9272699
2879,509.087386
2880,507.6672105
2881,505.8080554
2882,503.644598
2883,501.2661443
2884,498.7691276
2885,496.2099439
2886,493.625468
2887,491.0496688
2888,488.5509635
2889,486.1743942
2890,483.9793734
2891,482.0612087
2892,480.4986234
2893,479.4461839
2894,478.9833012
2895,479.2087473
2896,480.2162098
2897,482.0240722
2898,484.585016
2899,487.8063562
2900,491.4464774
2901,495.2258181
2902,498.8001377
2903,501.7767904
2904,503.8551656
2905,504.80588
2906,504.5131907
2907,503.0393902
2908,500.549106
2909,497.2686542
2910,493.5040807
2911,489.5098658
2912,485.581295
2913,481.957845
2914,478.9094123
2915,476.6497171
2916,475.4397454
2917,475.5172317
2918,477.0882475
2919,480.274406
2920,485.1462421
2921,491.4994531
2922,498.9831273
2923,506.9305565
2924,514.5191129
2925,520.7499709
2926,524.7691006
2927,525.9502036
2928,524.077726
2929,519.4161514
2930,512.529799
2931,504.0961001
2932,494.8679971
2933,485.4112511
2934,476.232438
2935,467.737676
2936,460.2758792
2937,454.1797741
2938,449.8736859
2939,447.770823
2940,448.3093448
2941,451.8839084
2942,458.6860154
2943,468.6317966
2944,481.1502686
2945,495.1172129
2946,508.9221636
2947,520.74139
2948,528.9392265
2949,532.6739812
2950,531.9461093
2951,527.5963182
2952,520.7339484
2953,512.5388001
2954,503.891072
2955,495.3789502
2956,487.3532768
2957,480.0741301
2958,473.7963499
2959,468.7878168
2960,465.4035803
2961,464.0726786
2962,465.1783893
2963,469.0175142
2964,475.6526424
2965,484.7785995
2966,495.6492404
2967,507.0549164
2968,517.4202044
2969,525.1812191
2970,529.2168264
2971,529.0873668
2972,525.1410285
2973,518.254931
2974,509.513525
2975,499.974869
2976,490.4093086
2977,481.4044766
2978,473.318117
2979,466.421928
2980,460.9305218
2981,456.9959653
2982,454.8058432
2983,454.4670168
2984,456.0633568
2985,459.5420797
2986,464.7863403
2987,471.4807235
2988,479.2244458
2989,487.5231489
2990,495.7868971
2991,503.4698225
2992,510.0642894
2993,515.22749
2994,518.7569036
2995,520.5559887
2996,520.7241595
2997,519.4123935
2998,516.8415288
2999,513.2240129
3000,508.8413175
3001,503.888491
3002,498.6241317
3003,493.2247966
3004,487.901756
3005,482.8212237
3006,478.2426412
3007,474.3435829
3008,471.4425762
3009,469.7687321
3010,469.6569761
3011,471.3678384
3012,475.0750436
3013,480.8015713
3014,488.3728946
3015,497.2519608
3016,506.5646321
3017,515.1874491
3018,521.8711011
3019,525.5569795
3020,525.6882752
3021,522.278617
3022,515.9226912
3023,507.4880489
3024,497.9075468
3025,487.9844132
3026,478.2879674
3027,469.2291435
3028,461.1311346
3029,454.2751469
3030,448.9915457
3031,445.6933031
3032,444.8333217
3033,446.933875
3034,452.4114451
3035,461.5098044
3036,474.0719364
3037,489.4293277
3038,506.1633269
3039,522.3072635
3040,535.5499096
3041,544.0107753
3042,546.7225422
3043,543.9477326
3044,536.8319921
3045,526.935558
3046,515.6678595
3047,504.0326693
3048,492.698271
3049,481.9638687
3050,472.0991213
3051,463.2839251
3052,455.8339714
3053,450.2005862
3054,446.9345012
3055,446.6446062
3056,449.8853865
3057,457.0140069
3058,468.0174029
3059,482.251276
3060,498.2768896
3061,513.9392466
3062,526.7595334
3063,534.6108032
3064,536.5616233
3065,533.021709
3066,525.3816835
3067,515.3948479
3068,504.5070195
3069,493.7972811
3070,483.8213692
3071,474.9071315
3072,467.2378354
3073,460.9949563
3074,456.4402102
3075,453.8829792
3076,453.7390995
3077,456.330355
3078,461.8491563
3079,470.2423465
3080,481.082864
3081,493.4319888
3082,505.9522137
3083,517.1163439
3084,525.4919416
3085,530.1217455
3086,530.7706002
3087,527.8769162
3088,522.3093354
3089,515.0427476
3090,506.9603818
3091,498.792446
3092,491.0291054
3093,484.0050009
3094,477.9566509
3095,473.0753504
3096,469.454974
3097,467.1777156
3098,466.2726001
3099,466.7009548
3100,468.3683764
3101,471.0877572
3102,474.6733491
3103,478.8503941
3104,483.4115793
3105,488.1163154
3106,492.771073
3107,497.2200185
3108,501.3200196
3109,504.9282556
3110,507.9101188
3111,510.1390692
3112,511.4189819
3113,511.675674
3114,510.810009
3115,508.7946503
3116,505.7532277
3117,501.8047251
3118,497.1814855
3119,492.1607345
3120,486.9790679
3121,481.9465231
3122,477.3319088
3123,473.4375169
3124,470.5654368
3125,469.0409136
3126,469.2128943
3127,471.3861117
3128,475.7725359
3129,482.3978199
3130,491.0084455
3131,500.9713345
3132,511.276642
3133,520.6103649
3134,527.5637744
3135,531.0633512
3136,530.6148955
3137,526.433201
3138,519.221268
3139,509.996953
3140,499.7043643
3141,489.1627754
3142,478.9317069
3143,469.4720617
3144,461.1013033
3145,454.192529
3146,449.1706973
3147,446.4578862
3148,446.5625905
3149,449.8453969
3150,456.5258996
3151,466.4613723
3152,479.0116576
3153,492.9587149
3154,506.6388318
3155,518.1388764
3156,525.9672143
3157,529.3646031
3158,528.4871995
3159,524.2064495
3160,517.6669077
3161,509.948256
3162,501.870708
3163,494.0244326
3164,486.7452595
3165,480.2940231
3166,474.9369197
3167,470.9534133
3168,468.6403094
3169,468.3549429
3170,470.3434962
3171,474.740728
3172,481.4128131
3173,489.8583849
3174,499.2636034
3175,508.4625195
3176,516.1389414
3177,521.2325191
3178,523.0551033
3179,521.5658087
3180,517.2607853
3181,510.9040625
3182,503.3791602
3183,495.4792988
3184,487.8135885
3185,480.8505967
3186,474.9118031
3187,470.315302
3188,467.2891952
3189,466.0009198
3190,466.5702003
3191,468.9540822
3192,473.0227604
3193,478.3470632
3194,484.3585206
3195,490.3959145
3196,495.724228
3197,499.7441034
3198,502.1251896
3199,502.7652576
3200,501.8735027
3201,499.8175756
3202,497.0655108
3203,494.0691968
3204,491.2375087
3205,488.9331387
3206,487.4327694
3207,486.9014837
3208,487.4475521
3209,488.9932226
3210,491.3813746
3211,494.289457
3212,497.3349916
3213,500.0275999
3214,501.973059
3215,502.8969778
3216,502.6444953
3217,501.2885203
3218,499.0168356
3219,496.1451319
3220,492.9987217
3221,489.947633
3222,487.3271865
3223,485.4556503
3224,484.6009975
3225,484.9686011
3226,486.6403212
3227,489.499835
3228,493.3089069
3229,497.5713696
3230,501.6203289
3231,504.749945
3232,506.3851864
3233,506.1205797
3234,503.9281727
3235,500.0832707
3236,495.006845
3237,489.3049731
3238,483.4691016
3239,478.0305671
3240,473.3977915
3241,469.90707
3242,467.917612
3243,467.6799707
3244,469.4094631
3245,473.1805211
3246,478.8531108
3247,486.0778421
3248,494.2272439
3249,502.4006259
3250,509.6391332
3251,515.0519519
3252,518.067291
3253,518.4631584
3254,516.4534888
3255,512.5200876
3256,507.2542553
3257,501.2552799
3258,495.1016644
3259,489.2323693
3260,484.0411832
3261,479.8682906
3262,476.9745296
3263,475.6041064
3264,475.8479543
3265,477.7009361
3266,480.90565
3267,485.0806858
3268,489.6120059
3269,493.8711383
3270,497.2091784
3271,499.2319133
3272,499.7276311
3273,498.7909179
3274,496.718576
3275,493.9224727
3276,490.8522756
3277,487.913899
3278,485.4508399
3279,483.7870325
3280,483.1390895
3281,483.6587806
3282,485.3991528
3283,488.3043234
3284,492.1573634
3285,496.6026445
3286,501.0837013
3287,505.0429383
3288,507.9276484
3289,509.3361644
3290,509.0435145
3291,507.098074
3292,503.7686051
3293,499.4187954
3294,494.4906962
3295,489.4240464
3296,484.6562825
3297,480.5600831
3298,477.4942391
3299,475.789968
3300,475.70661
3301,477.4312415
3302,480.9821189
3303,486.1523727
3304,492.4911628
3305,499.2812884
3306,505.5674988
3307,510.403542
3308,512.9905585
3309,512.9405902
3310,510.2700629
3311,505.4084077
3312,498.9663575
3313,491.6294322
3314,484.0179346
3315,476.6501318
3316,469.9847384
3317,464.3936559
3318,460.2969476
3319,458.0996389
3320,458.2357805
3321,461.0475072
3322,466.7348147
3323,475.2019741
3324,485.9444641
3325,497.9517133
3326,509.7781017
3327,519.7901587
3328,526.6125068
3329,529.4725093
3330,528.4136025
3331,524.0948755
3332,517.5461189
3333,509.7784432
3334,501.6193062
3335,493.6187473
3336,486.1866904
3337,479.6241551
3338,474.2507082
3339,470.4002576
3340,468.4656725
3341,468.7856171
3342,471.6530302
3343,477.1094392
3344,484.8458685
3345,494.127097
3346,503.828096
3347,512.4640671
3348,518.6509966
3349,521.3779603
3350,520.336552
3351,515.9310551
3352,509.025333
3353,500.6593197
3354,491.7843036
3355,483.1557245
3356,475.3257331
3357,468.712626
3358,463.617043
3359,460.3158832
3360,458.9761633
3361,459.7075508
3362,462.4979664
3363,467.1445041
3364,473.2832499
3365,480.3361055
3366,487.6214424
3367,494.449998
3368,500.2405426
3369,504.6620968
3370,507.5947805
3371,509.1194781
3372,509.5150581
3373,509.1077408
3374,508.2333161
3375,507.1791989
3376,506.1711483
3377,505.3219471
3378,504.6849101
3379,504.1984503
3380,503.7516814
3381,503.157701
3382,502.2238578
3383,500.747432
3384,498.640026
3385,495.8758134
3386,492.5654094
3387,488.8654904
3388,485.0529003
3389,481.4249243
3390,478.2893842
3391,476.0116364
3392,474.8981502
3393,475.231561
3394,477.1755837
3395,480.803003
3396,485.9401248
3397,492.1703828
3398,498.8088991
3399,504.9700612
3400,509.7270574
3401,512.2906327
3402,512.2488649
3403,509.6271929
3404,504.8351187
3405,498.5013551
3406,491.275508
3407,483.7980931
3408,476.5481528
3409,469.9356267
3410,464.3231864
3411,460.07967
3412,457.6169915
3413,457.3741817
3414,459.7939898
3415,465.1918342
3416,473.7087634
3417,485.0441506
3418,498.4191519
3419,512.4574087
3420,525.3144598
3421,535.1007074
3422,540.3879192
3423,540.6698073
3424,536.3417974
3425,528.5202999
3426,518.5468635
3427,507.5445272
3428,496.3737135
3429,485.5766475
3430,475.4867893
3431,466.4258365
3432,458.7074373
3433,452.7769562
3434,449.1512857
3435,448.4005865
3436,451.0598544
3437,457.4534154
3438,467.5312536
3439,480.6283831
3440,495.3550147
3441,509.6581096
3442,521.1993513
3443,528.1384794
3444,529.6806535
3445,526.2893372
3446,519.2863952
3447,510.2405085
3448,500.4968793
3449,490.9888432
3450,482.2628524
3451,474.6221699
3452,468.2858273
3453,463.508704
3454,460.5755078
3455,459.8602964
3456,461.7189379
3457,466.3754607
3458,473.8703635
3459,483.8480045
3460,495.492036
3461,507.5223022
3462,518.3697569
3463,526.5323565
3464,530.9479477
3465,531.2569935
3466,527.839485
3467,521.554841
3468,513.4509213
3469,504.5032807
3470,495.4761845
3471,486.9677887
3472,479.3969904
3473,473.1025877
3474,468.3224719
3475,465.285831
3476,464.0640595
3477,464.6448419
3478,466.8432533
3479,470.3661482
3480,474.7049433
3481,479.346385
3482,483.7855671
3483,487.6013918
3484,490.5961064
3485,492.7517196
3486,494.2149261
3487,495.2018294
3488,496.0139322
3489,496.9028522
3490,498.0578071
3491,499.6131196
3492,501.5615354
3493,503.8084545
3494,506.1433735
3495,508.2482244
3496,509.8144222
3497,510.479004
3498,510.035629
3499,508.3889433
3500,505.6116714
3501,501.8655331
3502,497.4243681
3503,492.6678537
3504,487.9306481
3505,483.5867733
3506,480.0364903
3507,477.6304217
3508,476.7274578
3509,477.5857422
3510,480.3540562
3511,484.9683077
3512,491.0574795
3513,497.9490221
3514,504.6324985
3515,510.012707
3516,513.0959102
3517,513.2455012
3518,510.4129685
3519,504.9871389
3520,497.7509195
3521,489.4979964
3522,480.9904255
3523,472.7997299
3524,465.4107539
3525,459.2060129
3526,454.5404605
3527,451.8363601
3528,451.4629114
3529,453.831048
3530,459.2103518
3531,467.6184822
3532,478.7590683
3533,491.8000778
3534,505.4686426
3535,518.1078879
3536,528.1188051
3537,534.3253195
3538,536.2569259
3539,534.3005148
3540,529.3055187
3541,522.2918621
3542,514.2156014
3543,505.8079107
3544,497.5422379
3545,489.7818296
3546,482.8482798
3547,477.029494
3548,472.6867226
3549,470.1965801
3550,469.9007204
3551,472.0556355
3552,476.6607388
3553,483.4187638
3554,491.6121694
3555,500.1191382
3556,507.6090025
3557,512.7717405
3558,514.734687
3559,513.2645091
3560,508.7727403
3561,502.1033298
3562,494.2309554
3563,486.0333079
3564,478.2056734
3565,471.2961224
3566,465.6753761
3567,461.6858497
3568,459.6055301
3569,459.6704213
3570,462.0547353
3571,466.7773367
3572,473.6311428
3573,482.1306136
3574,491.4772708
3575,500.6784648
3576,508.663275
3577,514.5602262
3578,517.8649707
3579,518.4959646
3580,516.8010327
3581,513.3263491
3582,508.7017196
3583,503.5570647
3584,498.3954238
3585,493.6723975
3586,489.7705033
3587,487.0062587
3588,485.6269421
3589,485.7987992
3590,487.4935322
3591,490.4919146
3592,494.3352343
3593,498.3757471
3594,501.8125281
3595,503.9759213
3596,504.3246075
3597,502.7186526
3598,499.3450417
3599,494.6339198
3600,489.1279842
3601,483.4292483
3602,478.0552533
3603,473.4762341
3604,470.1035313
3605,468.3001395
3606,468.3701218
3607,470.4843243
3608,474.6644349
3609,480.7312914
3610,488.1291252
3611,496.0961148
3612,503.6313408
3613,509.747214
3614,513.6375758
3615,514.9576296
3616,513.7968769
3617,510.5770079
3618,505.9040317
3619,500.4232164
3620,494.731433
3621,489.2785845
3622,484.4816228
3623,480.6501702
3624,478.152
3625,477.2436252
3626,478.1433488
3627,480.9332897
3628,485.4856067
3629,491.4225045
3630,498.0570399
3631,504.5121804
3632,509.7968922
3633,513.0627011
3634,513.8317125
3635,512.036972
3636,507.9711817
3637,502.2749934
3638,495.5943507
3639,488.5975889
3640,481.8581035
3641,475.8266983
3642,470.8795971
3643,467.3321497
3644,465.43121
3645,465.3399607
3646,467.1171971
3647,470.6416698
3648,475.6272284
3649,481.6134604
3650,487.9356443
3651,493.9491461
3652,499.0613309
3653,502.8460384
3654,505.1067408
3655,505.9614325
3656,505.6057759
3657,504.4179428
3658,502.783131
3659,501.0116722
3660,499.4292793
3661,498.3000739
3662,497.7879976
3663,498.013849
3664,499.0022694
3665,500.6641001
3666,502.833359
3667,505.1461551
3668,507.2177534
3669,508.5862832
3670,508.8845168
3671,507.8478423
3672,505.3651818
3673,501.5477057
3674,496.6609584
3675,491.0746614
3676,485.2117259
3677,479.5047449
3678,474.3601147
3679,470.2113218
3680,467.4024227
3681,466.2577093
3682,466.9917894
3683,469.6983985
3684,474.274376
3685,480.3132979
3686,487.1677419
3687,493.9448405
3688,499.6886698
3689,503.5840601
3690,505.1319483
3691,504.3217682
3692,501.4643356
3693,497.1114857
3694,491.9190233
3695,486.4443685
3696,481.1357798
3697,476.3941011
3698,472.5845174
3699,470.08649
3700,469.2904623
3701,470.6271516
3702,474.5123662
3703,481.1667955
3704,490.5698467
3705,502.235905
3706,515.1249828
3707,527.6118734
3708,537.8309194
3709,544.0697927
3710,545.3416134
3711,541.6440323
3712,533.8415535
3713,523.2522711
3714,511.1898294
3715,498.684868
3716,486.4943326
3717,475.039062
3718,464.7442022
3719,455.9514911
3720,449.1271251
3721,444.80413
3722,443.5777679
3723,445.9537105
3724,452.2690375
3725,462.3805041
3726,475.5390268
3727,490.2609634
3728,504.3878285
3729,515.6475316
3730,522.2892858
3731,523.7643259
3732,520.6376633
3733,514.2415949
3734,506.0792013
3735,497.3672365
3736,488.9466535
3737,481.2987697
3738,474.7368099
3739,469.468725
3740,465.747105
3741,463.8280876
3742,463.9986759
3743,466.48009
3744,471.3897825
3745,478.5416054
3746,487.5386272
3747,497.5524055
3748,507.5653511
3749,516.4126498
3750,523.0500185
3751,526.8335296
3752,527.5880032
3753,525.5557069
3754,521.3518149
3755,515.6393955
3756,509.1082054
3757,502.3054914
3758,495.6852685
3759,489.5869148
3760,484.2160732
3761,479.7180507
3762,476.1774827
3763,473.6400747
3764,472.050909
3765,471.3458748
3766,471.4185693
3767,472.1245823
3768,473.3770827
3769,475.0558176
3770,477.1510359
3771,479.6097836
3772,482.4416558
3773,485.6913901
3774,489.3381963
3775,493.3517415
3776,497.6486043
3777,502.0200057
3778,506.1983857
3779,509.8735415
3780,512.6763573
3781,514.3247472
3782,514.5771
3783,513.3538926
3784,510.7213627
3785,506.8637718
3786,502.0433496
3787,496.584859
3788,490.7774488
3789,484.9670826
3790,479.4493691
3791,474.5631202
3792,470.6481248
3793,468.1021207
3794,467.2846497
3795,468.6006184
3796,472.2816962
3797,478.4101109
3798,486.7033727
3799,496.4546715
3800,506.5659293
3801,515.5082654
3802,521.7686465
3803,524.2334571
3804,522.52522
3805,517.0541682
3806,508.8002386
3807,498.9559284
3808,488.5625106
3809,478.385517
3810,468.8986783
3811,460.4544431
3812,453.3251029
3813,447.8151999
3814,444.386741
3815,443.5711407
3816,445.9909411
3817,452.2417518
3818,462.6955482
3819,477.3156929
3820,495.3646378
3821,515.1589229
3822,534.1349793
3823,549.2684987
3824,558.1412973
3825,559.7005657
3826,554.6356317
3827,544.7211659
3828,532.0374542
3829,518.2747902
3830,504.5872256
3831,491.5067467
3832,479.3009849
3833,468.1585526
3834,458.3289645
3835,450.2436067
3836,444.4357127
3837,441.6390936
3838,442.5416654
3839,447.684038
3840,457.2296719
3841,470.7269811
3842,486.7799721
3843,503.1542909
3844,517.049488
3845,525.9982486
3846,528.7537848
3847,525.6872441
3848,518.2755969
3849,508.4534274
3850,497.8307696
3851,487.5329337
3852,478.2196044
3853,470.1779261
3854,463.6513776
3855,458.8023013
3856,455.8772794
3857,455.1097614
3858,456.7601189
3859,460.9569955
3860,467.6364543
3861,476.4940451
3862,486.9124702
3863,497.9206634
3864,508.4778585
3865,517.5204298
3866,524.1957194
3867,528.1524258
3868,529.3904645
3869,528.2552734
3870,525.3244121
3871,521.1542548
3872,516.2771571
3873,511.1199436
3874,505.9700721
3875,501.0680255
3876,496.5012148
3877,492.3538879
3878,488.6267174
3879,485.2884579
3880,482.3109684
3881,479.6476207
3882,477.3109559
3883,475.2933009
3884,473.6653617
3885,472.5564696
3886,472.0646046
3887,472.3843101
3888,473.6262958
3889,475.9233379
3890,479.2848083
3891,483.6066656
3892,488.6658567
3893,494.0372875
3894,499.1865866
3895,503.5289057
3896,506.5350652
3897,507.797266
3898,507.2262073
3899,504.9241872
3900,501.2111651
3901,496.5270002
3902,491.3140708
3903,485.9715203
3904,480.8227552
3905,476.1726562
3906,472.3145103
3907,469.5553964
3908,468.2316432
3909,468.7168864
3910,471.3585022
3911,476.3909342
3912,483.8656951
3913,493.553255
3914,504.7560834
3915,516.3304653
3916,526.7864819
3917,534.5436883
3918,538.3595853
3919,537.679283
3920,532.7825591
3921,524.5506009
3922,514.1485835
3923,502.7024885
3924,491.0756527
3925,479.9110363
3926,469.620087
3927,460.5144946
3928,452.9538047
3929,447.3481529
3930,444.169277
3931,443.9239556
3932,447.0837638
3933,453.9730291
3934,464.5276736
3935,478.1746006
3936,493.6655254
3937,509.0837055
3938,522.2422921
3939,531.2155316
3940,535.0318972
3941,533.7911435
3942,528.5242286
3943,520.637183
3944,511.4198205
3945,501.8671716
3946,492.5983974
3947,484.0277089
3948,476.3972229
3949,469.9962405
3950,465.1681787
3951,462.2797147
3952,461.7482234
3953,463.8999723
3954,468.8432311
3955,476.4220989
3956,485.9758562
3957,496.4265251
3958,506.3250767
3959,514.1963217
3960,518.8891137
3961,519.9139676
3962,517.5306677
3963,512.4774766
3964,505.7403103
3965,498.2673748
3966,490.8399053
3967,484.0240931
3968,478.214114
3969,473.7456015
3970,470.823279
3971,469.6279045
3972,470.2105147
3973,472.5227815
3974,476.317237
3975,481.1806452
3976,486.545173
3977,491.7739238
3978,496.2644306
3979,499.5570033
3980,501.4721638
3981,502.0268503
3982,501.4482571
3983,500.1220767
3984,498.4594685
3985,496.8207989
3986,495.5511891
3987,494.9354023
3988,495.1274309
3989,496.1992245
3990,498.031996
3991,500.4277091
3992,502.985238
3993,505.250933
3994,506.7937768
3995,507.1779421
3996,506.2120284
3997,503.8535846
3998,500.2619141
3999,495.7502432
4000,490.6892936
4001,485.468821
4002,480.4942483
4003,476.1482452
4004,472.793747
4005,470.7609753
4006,470.3243388
4007,471.6914147
4008,474.8691364
4009,479.6930499
4010,485.7155489
4011,492.2011929
4012,498.2961684
4013,503.0806626
4014,505.9000247
4015,506.3898078
4016,504.6616519
4017,501.1215438
4018,496.3536525
4019,491.0165345
4020,485.6094955
4021,480.6278733
4022,476.3925177
4023,473.2027448
4024,471.3417824
4025,471.0501333
4026,472.5203722
4027,475.9181236
4028,481.2389203
4029,488.291325
4030,496.5985382
4031,505.485187
4032,514.0322565
4033,521.2631537
4034,526.3126362
4035,528.6570945
4036,528.1460734
4037,525.0106624
4038,519.7828248
4039,513.1048283
4040,505.6132349
4041,497.8598134
4042,490.3474864
4043,483.4280519
4044,477.4553792
4045,472.7220377
4046,469.4944862
4047,467.9246042
4048,468.1060493
4049,469.9992298
4050,473.3649583
4051,477.7845741
4052,482.725242
4053,487.5601678
4054,491.6786638
4055,494.6608909
4056,496.2873768
4057,496.600642
4058,495.805744
4059,494.2471682
4060,492.2903707
4061,490.3196076
4062,488.6218883
4063,487.4686336
4064,487.0595323
4065,487.4802925
4066,488.7483838
4067,490.7895573
4068,493.3886932
4069,496.2178518
4070,498.9059934
4071,501.0617238
4072,502.3157745
4073,502.457174
4074,501.4685304
4075,499.416579
4076,496.5822407
4077,493.3013144
4078,489.9204837
4079,486.8627545
4080,484.4728642
4081,483.1036875
4082,483.041911
4083,484.5039204
4084,487.5385671
4085,492.0000681
4086,497.5440775
4087,503.480963
4088,508.9927765
4089,513.1887079
4090,515.2976571
4091,514.8948917
4092,511.955034
4093,506.8719408
4094,500.211298
4095,492.6265264
4096,484.7542251
4097,477.1202603
4098,470.1482458
4099,464.296852
4100,459.9967305
4101,457.6882692
4102,457.8342459
4103,460.8102304
4104,466.8056562
4105,475.6535082
4106,486.755357
4107,498.9737757
4108,510.6867309
4109,520.1963699
4110,526.0743634
4111,527.7119147
4112,525.3302337
4113,519.8141682
4114,512.2772758
4115,503.7491383
4116,495.0417035
4117,486.6876293
4118,479.0548021
4119,472.4107994
4120,467.0718358
4121,463.3734802
4122,461.7139728
4123,462.4148069
4124,465.7527225
4125,471.7474066
4126,480.1142984
4127,490.132877
4128,500.6771261
4129,510.3210585
4130,517.7303894
4131,521.854629
4132,522.3624337
4133,519.5294621
4134,514.1394035
4135,507.1517806
4136,499.4395012
4137,491.743933
4138,484.5567836
4139,478.273318
4140,473.1198523
4141,469.3233082
4142,467.0257672
4143,466.3533256
4144,467.3913386
4145,470.1001381
4146,474.3744062
4147,479.9305305
4148,486.3967382
4149,493.2570311
4150,499.960415
4151,505.9732272
4152,510.8547598
4153,514.288096
4154,516.1491424
4155,516.4903178
4156,515.4403114
4157,513.2727452
4158,510.2060647
4159,506.5448269
4160,502.4838596
4161,498.2246847
4162,493.9553291
4163,489.7856651
4164,485.8236979
4165,482.1781711
4166,478.9144003
4167,476.1098973
4168,473.8797374
4169,472.286354
4170,471.4357535
4171,471.4442763
4172,472.3769097
4173,474.3205632
4174,477.3085521
4175,481.3146387
4176,486.2325227
4177,491.8041794
4178,497.704932
4179,503.4435238
4180,508.5243085
4181,512.3854798
4182,514.5867934
4183,514.8994459
4184,513.2584742
4185,509.8627496
4186,505.0319349
4187,499.2001035
4188,492.8085006
4189,486.2515948
4190,479.8732635
4191,474.0377759
4192,469.0580452
4193,465.3000577
4194,463.13175
4195,462.9913441
4196,465.26013
4197,470.2620463
4198,478.0667987
4199,488.4433628
4200,500.6799777
4201,513.5649604
4202,525.3972444
4203,534.4141169
4204,539.2656233
4205,539.3251728
4206,534.9081236
4207,527.0316258
4208,516.9232841
4209,505.7340347
4210,494.291389
4211,483.1953549
4212,472.785746
4213,463.3615198
4214,455.2826097
4215,448.9759194
4216,444.9952426
4217,443.9289662
4218,446.3419939
4219,452.6542805
4220,462.8740782
4221,476.3825538
4222,491.8149453
4223,507.0516601
4224,519.6336593
4225,527.540007
4226,529.8292123
4227,526.9404461
4228,520.197466
4229,511.2787805
4230,501.5929788
4231,492.0920929
4232,483.339111
4233,475.6274931
4234,469.1761399
4235,464.1594153
4236,460.8578744
4237,459.5635447
4238,460.6168092
4239,464.2706103
4240,470.6073128
4241,479.4041593
4242,490.0902111
4243,501.6791771
4244,512.8891144
4245,522.3384539
4246,528.910802
4247,531.9465569
4248,531.4186824
4249,527.8167429
4250,521.9254196
4251,514.609301
4252,506.6435068
4253,498.6366253
4254,491.0316725
4255,484.1247174
4256,478.1711639
4257,473.3241746
4258,469.6807826
4259,467.3450128
4260,466.3540083
4261,466.6994336
4262,468.2722327
4263,470.9907661
4264,474.6411895
4265,479.0149777
4266,483.840056
4267,488.8445478
4268,493.7553223
4269,498.2866718
4270,502.2011388
4271,505.3122872
4272,507.4700186
4273,508.5494204
4274,508.5492311
4275,507.4639367
4276,505.3951244
4277,502.4945469
4278,498.940956
4279,494.9467659
4280,490.7169436
4281,486.4669924
4282,482.4188236
4283,478.8006905
4284,475.8079049
4285,473.6591256
4286,472.5865351
4287,472.7692735
4288,474.3881012
4289,477.5567013
4290,482.2497721
4291,488.3257009
4292,495.4337501
4293,502.9962495
4294,510.3024422
4295,516.5447788
4296,520.9669568
4297,523.031717
4298,522.5007785
4299,519.5075403
4300,514.4407874
4301,507.8540768
4302,500.3331219
4303,492.4264399
4304,484.5625139
4305,477.1427589
4306,470.4703564
4307,464.8974494
4308,460.7502334
4309,458.3875061
4310,458.1387536
4311,460.3331454
4312,465.1052972
4313,472.4115976
4314,481.8652563
4315,492.7034869
4316,503.7678765
4317,513.6975297
4318,521.2273149
4319,525.4363369
4320,526.0418676
4321,523.3841894
4322,518.1842326
4323,511.3122372
4324,503.6016154
4325,495.667349
4326,487.9851921
4327,480.8962709
4328,474.6864871
4329,469.6580134
4330,466.138023
4331,464.4935619
4332,465.0353333
4333,467.996461
4334,473.3776298
4335,480.8637322
4336,489.8059136
4337,499.1073558
4338,507.4962437
4339,513.7206917
4340,516.8971121
4341,516.7329346
4342,513.5669969
4343,508.1260884
4344,501.3121773
4345,493.9652892
4346,486.7642534
4347,480.2305118
4348,474.7181322
4349,470.5434031
4350,467.9100496
4351,467.0378953
4352,468.0582161
4353,470.9945762
4354,475.6857743
4355,481.827977
4356,488.8970207
4357,496.2152476
4358,503.0179565
4359,508.6540018
4360,512.6069921
4361,514.6774305
4362,514.8947571
4363,513.566098
4364,511.0275975
4365,507.7527396
4366,504.1181796
4367,500.4719546
4368,497.0891943
4369,494.1910093
4370,491.8813736
4371,490.2260509
4372,489.2136142
4373,488.7425884
4374,488.655008
4375,488.789547
4376,488.9172825
4377,488.903806
4378,488.6090904
4379,488.0344501
4380,487.1914829
4381,486.1900203
4382,485.1496191
4383,484.2574059
4384,483.6628112
4385,483.456164
4386,483.7479096
4387,484.5425063
4388,485.7771205
4389,487.3571931
4390,489.1164464
4391,490.8386645
4392,492.3215104
4393,493.4097949
4394,493.9600736
4395,493.9709324
4396,493.4572724
4397,492.5337765
4398,491.3676068
4399,490.1524977
4400,489.0542344
4401,488.2820463
4402,487.9570103
4403,488.2191588
4404,489.147447
4405,490.7514661
4406,493.0091136
4407,495.7783396
4408,498.8789704
4409,502.0570165
4410,505.0685996
4411,507.581245
4412,509.3805474
4413,510.2641235
4414,510.165402
4415,509.0583271
4416,507.0671716
4417,504.3233246
4418,501.033668
4419,497.4308993
4420,493.7305993
4421,490.1669162
4422,486.8926454
4423,484.1182684
4424,481.9421177
4425,480.4510836
4426,479.6917068
4427,479.619042
4428,480.1287949
4429,481.0820826
4430,482.2915768
4431,483.5645572
4432,484.7013107
4433,485.5579811
4434,486.0955026
4435,486.2788799
4436,486.1941998
4437,485.95691
4438,485.7011775
4439,485.5955233
4440,485.7728633
4441,486.4007233
4442,487.5509857
4443,489.3034105
4444,491.6489442
4445,494.5400116
4446,497.851388
4447,501.3558945
4448,504.7683288
4449,507.7875474
4450,510.0861898
4451,511.3760423
4452,511.4863068
4453,510.3452571
4454,508.0187369
4455,504.6809854
4456,500.6139056
4457,496.115153
4458,491.5137095
4459,487.1548159
4460,483.3522083
4461,480.4201877
4462,478.614161
4463,478.1497781
4464,479.1153616
4465,481.4837195
4466,485.0758286
4467,489.4621696
4468,494.1146076
4469,498.3522334
4470,501.5245462
4471,503.1897237
4472,503.1040692
4473,501.3221624
4474,498.1345799
4475,493.9719331
4476,489.2902271
4477,484.5163192
4478,480.0481564
4479,476.2139553
4480,473.3282572
4481,471.6794012
4482,471.5105954
4483,473.042962
4484,476.3654005
4485,481.4453461
4486,488.0268334
4487,495.5833195
4488,503.4021578
4489,510.6024744
4490,516.322104
4491,519.8658856
4492,520.9081443
4493,519.4996119
4494,515.9549473
4495,510.856739
4496,504.7655374
4497,498.2150972
4498,491.6723935
4499,485.5121436
4500,480.0046997
4501,475.4507385
4502,472.041584
4503,469.9703183
4504,469.3791858
4505,470.3314152
4506,472.7860545
4507,476.5635783
4508,481.3538663
4509,486.7139859
4510,492.1249757
4511,497.0564249
4512,501.0624922
4513,503.7909957
4514,505.1278514
4515,505.1033404
4516,503.8775515
4517,501.7531244
4518,498.9830339
4519,495.9017693
4520,492.7256976
4521,489.6657706
4522,486.8808827
4523,484.5353998
4524,482.7264394
4525,481.5358368
4526,481.0688894
4527,481.4079331
4528,482.6022033
4529,484.705495
4530,487.6951014
4531,491.5373242
4532,496.0715157
4533,501.0481738
4534,506.1545893
4535,510.9689964
4536,514.9853386
4537,517.7932886
4538,519.0001145
4539,518.3942311
4540,515.9265655
4541,511.739432
4542,506.1780843
4543,499.575422
4544,492.3828953
4545,485.0093583
4546,477.806572
4547,471.1392807
4548,465.283655
4549,460.553309
4550,457.2223629
4551,455.541873
4552,455.7664387
4553,458.0167777
4554,462.3783952
4555,468.7219449
4556,476.7519454
4557,485.9052005
4558,495.4423183
4559,504.4856531
4560,512.1597787
4561,517.8263482
4562,521.0632281
4563,521.8771899
4564,520.4935214
4565,517.3547181
4566,512.9770539
4567,507.8171939
4568,502.2577034
4569,496.6428932
4570,491.2184685
4571,486.1992516
4572,481.8675471
4573,478.4382697
4574,476.2404454
4575,475.5415846
4576,476.6159938
4577,479.6377444
4578,484.6012774
4579,491.2507054
4580,499.0704139
4581,507.2063816
4582,514.5385871
4583,519.9419858
4584,522.5329098
4585,521.8220164
4586,517.9282052
4587,511.4091198
4588,503.0887558
4589,493.8318659
4590,484.3681258
4591,475.2844336
4592,466.9783958
4593,459.7801669
4594,453.967806
4595,449.8256546
4596,447.706414
4597,447.9151093
4598,450.7460726
4599,456.3862581
4600,464.7766988
4601,475.549036
4602,487.9961931
4603,500.9724738
4604,513.0793344
4605,522.9834489
4606,529.6418765
4607,532.6019722
4608,532.067909
4609,528.6388176
4610,523.1385498
4611,516.4293035
4612,509.1403529
4613,501.7918459
4614,494.7315975
4615,488.2043079
4616,482.444225
4617,477.6400952
4618,474.0226186
4619,471.7968546
4620,471.172232
4621,472.2624426
4622,475.1014959
4623,479.5736024
4624,485.3452981
4625,491.9621293
4626,498.7552923
4627,504.9700902
4628,509.9061063
4629,512.9621036
4630,513.8365534
4631,512.498204
4632,509.1888712
4633,504.3362791
4634,498.4222007
4635,491.9768031
4636,485.4046234
4637,479.0770449
4638,473.2778419
4639,468.2463144
4640,464.1704748
4641,461.2587591
4642,459.734608
4643,459.7961979
4644,461.6569308
4645,465.4915874
4646,471.3615459
4647,479.1934966
4648,488.6756546
4649,499.2735008
4650,510.1165011
4651,520.2005759
4652,528.4291364
4653,533.8930396
4654,536.1156642
4655,534.9889549
4656,530.9344482
4657,524.5588561
4658,516.6257029
4659,507.7827159
4660,498.6238559
4661,489.5615899
4662,480.9458195
4663,473.125036
4664,466.3701104
4665,461.0649024
4666,457.5730098
4667,456.2270777
4668,457.3388261
4669,461.012677
4670,467.1589072
4671,475.3710636
4672,484.8517929
4673,494.5424696
4674,503.176006
4675,509.6702364
4676,513.3261995
4677,513.9622758
4678,511.9530566
4679,507.9701393
4680,502.7724899
4681,497.0774383
4682,491.3715847
4683,486.0838704
4684,481.4331443
4685,477.6141381
4686,474.8172859
4687,473.1802462
4688,472.907943
4689,474.1179175
4690,476.9774117
4691,481.4607442
4692,487.4753964
4693,494.7504458
4694,502.763294
4695,510.8392982
4696,518.1656612
4697,523.9283523
4698,527.4630088
4699,528.3598015
4700,526.5676672
4701,522.347283
4702,516.1625461
4703,508.6009212
4704,500.2661873
4705,491.6986025
4706,483.3238675
4707,475.5146851
4708,468.5641306
4709,462.7817473
4710,458.3814049
4711,455.6105347
4712,454.6739646
4713,455.6780479
4714,458.6824093
4715,463.5714595
4716,470.0520436
4717,477.7001543
4718,485.857622
4719,493.8371809
4720,500.9501099
4721,506.6298909
4722,510.5643356
4723,512.6588789
4724,513.072562
4725,512.0969624
4726,510.1020297
4727,507.4169542
4728,504.3791971
4729,501.2299986
4730,498.2047521
4731,495.4370497
4732,493.0798075
4733,491.2381354
4734,489.9980234
4735,489.4349241
4736,489.5916084
4737,490.4720216
4738,492.0476786
4739,494.2304638
4740,496.8610178
4741,499.740564
4742,502.6064378
4743,505.1997978
4744,507.1814669
4745,508.3135229
4746,508.3593656
4747,507.1986634
4748,504.8158193
4749,501.2709807
4750,496.7838297
4751,491.5837437
4752,485.9668771
4753,480.2531602
4754,474.7216226
4755,469.6553752
4756,465.3462893
4757,462.0093925
4758,459.8879819
4759,459.2116944
4760,460.1379263
4761,462.8178378
4762,467.2330157
4763,473.3050943
4764,480.7177614
4765,489.0102016
4766,497.5454181
4767,505.5812425
4768,512.4239962
4769,517.5126409
4770,520.5482858
4771,521.4928572
4772,520.5771208
4773,518.1390277
4774,514.6257804
4775,510.413267
4776,505.8984763
4777,501.3836263
4778,497.1477244
4779,493.4263267
4780,490.4513756
4781,488.4098636
4782,487.4277906
4783,487.5661474
4784,488.7232238
4785,490.7179372
4786,493.1739641
4787,495.6284249
4788,497.5951086
4789,498.6644343
4790,498.5133469
4791,497.0718885
4792,494.4800534
4793,490.9986905
4794,487.0294334
4795,482.9710161
4796,479.214993
4797,476.0829429
4798,473.8158684
4799,472.5861845
4800,472.4992998
4801,473.5742496
4802,475.7211186
4803,478.7703722
4804,482.515661
4805,486.6144412
4806,490.7869819
4807,494.7185158
4808,498.1575461
4809,500.9291644
4810,502.957963
4811,504.2655453
4812,504.9168998
4813,505.0479377
4814,504.7753452
4815,504.2799908
4816,503.7019557
4817,503.146301
4818,502.6715727
4819,502.3340328
4820,502.1129798
4821,501.9114411
4822,501.6397667
4823,501.1212183
4824,500.2467328
4825,498.8933066
4826,496.9891602
4827,494.5277512
4828,491.5577776
4829,488.2484595
4830,484.7508347
4831,481.2870604
4832,478.0591125
4833,475.2765861
4834,473.1391657
4835,471.812327
4836,471.455107
4837,472.1224558
4838,473.8738407
4839,476.6677268
4840,480.4093695
4841,484.8974368
4842,489.8239806
4843,494.8816505
4844,499.6629909
4845,503.8317858
4846,507.0589654
4847,509.1882882
4848,510.1116171
4849,509.9049935
4850,508.6892012
4851,506.6743918
4852,504.1013248
4853,501.1944765
4854,498.2050218
4855,495.3408493
4856,492.8139473
4857,490.7950093
4858,489.4568767
4859,488.9029418
4860,489.1897931
4861,490.3307075
4862,492.2069344
4863,494.6202699
4864,497.2422987
4865,499.7131883
4866,501.6170606
4867,502.6111517
4868,502.4249268
4869,501.0004053
4870,498.3737527
4871,494.7497493
4872,490.4499239
4873,485.8016285
4874,481.1529811
4875,476.8302142
4876,473.0847001
4877,470.1554715
4878,468.1909947
4879,467.3017263
4880,467.5473248
4881,468.8848795
4882,471.2493585
4883,474.4956177
4884,478.410961
4885,482.8124634
4886,487.4616977
4887,492.1614258
4888,496.787974
4889,501.1989668
4890,505.3208791
4891,509.1250943
4892,512.5720125
4893,515.6256896
4894,518.1875748
4895,520.2136794
4896,521.5513449
4897,522.0929913
4898,521.672871
4899,520.2116048
4900,517.654042
4901,514.0157603
4902,509.3833694
4903,503.9155958
4904,497.8502834
4905,491.4564793
4906,485.039809
4907,478.9530362
4908,473.5807641
4909,469.247338
4910,466.3606945
4911,465.2058257
4912,466.0246241
4913,468.8673198
4914,473.5645944
4915,479.6598424
4916,486.3677683
4917,492.7217399
4918,497.7461808
4919,500.680229
4920,501.161099
4921,499.3372448
4922,495.6901973
4923,490.8781045
4924,485.5615138
4925,480.2622632
4926,475.3748623
4927,471.1803862
4928,467.9730682
4929,466.0406037
4930,465.6695854
4931,467.2527658
4932,471.0914858
4933,477.4325449
4934,486.3354127
4935,497.4523688
4936,510.0723576
4937,522.9362741
4938,534.461129
4939,543.0717226
4940,547.5254364
4941,547.3216775
4942,542.7413057
4943,534.7126029
4944,524.3799379
4945,512.8494205
4946,500.9963697
4947,489.4268111
4948,478.5766843
4949,468.7671533
4950,460.3118362
4951,453.5392099
4952,448.8562713
4953,446.6377271
4954,447.2682241
4955,450.9899225
4956,457.8182613
4957,467.4040019
4958,478.9767877
4959,491.3045316
4960,502.8822907
4961,512.2062909
4962,518.1490713
4963,520.3047561
4964,518.9473801
4965,514.8257965
4966,508.9219412
4967,502.1401435
4968,495.1451898
4969,488.4348512
4970,482.3427792
4971,477.0602666
4972,472.8084626
4973,469.7570557
4974,468.1670721
4975,468.2346145
4976,470.1574778
4977,474.0303423
4978,479.827817
4979,487.3127538
4980,495.9846119
4981,505.1355951
4982,513.8446229
4983,521.2086107
4984,526.3917081
4985,528.866805
4986,528.503827
4987,525.484018
4988,520.3176051
4989,513.5582798
4990,505.8414068
4991,497.6998025
4992,489.5407239
4993,481.7559501
4994,474.5803436
4995,468.2650114
4996,462.974623
4997,458.9029289
4998,456.2041617
4999,455.0421122
5000,455.4987169